Group_id,Ind,Sex,Moult,Notes,
20240229_1,jWRna,f,,,
20240229_1,pBGrb,f,,,
20240229_1,GBB,f,,,
20240229_1,iNyb,m,2,,
20240229_1,cOnr,m,2,,
20240229_3,uOq,m,2,y,
20240229_3,uGwg,m,3,y,
20240229_4,jGyr,f,,,
20240229_4,pWRbo,m,2,,
20240229_4,zOWOgn,m,4,,
20240229_4,pBYyn,m,4.5,,
20240229_5,sKo,f,,,
20240229_5,,m,1.5,,
20240229_5,,m,3.5,,
20240229_6,lYRbo,m,2,,
20240229_6,sAq,f,,,
20240229_6,cMy,m,3,,
20240229_6,cWbg,f,,,
20240229_7,pRWob,m,2,,
20240229_7,cGRb,m,3,,
20240229_7,pWByn,f,,,
20240229_7,pWBwr,f,,,
20240229_8,jYny,m,2,,
20240229_8,hWyr,f,,feeding fledgies constantly begging,
20240229_8,zWRWba,m,5,,
20240229_9,hRo,f,,,
20240229_9,zBYBan,m,2,,
20240229_10,pYNYba,m,3.5,,
20240229_11,pObo,m,1.5,,
20240229_11,iMy,m,2,,
20240229_12,pWbo,m,2,,
20240229_13,lWArg,m,1,,
20240229_13,jBRao,m,5,,
20240229_13,pWBWwr,m,2,,
20240229_13,zOob,f,,,
20240229_13,pWRWg,m,4,,
20240229_13,uBba,m,2,,
20240229_13,zWbr,m,1,,
20240229_14,zAwo,m,4,,
20240229_14,iWq,m,3,,
20240229_14,jBRb,f,,,
20240303_1,sAg,f,,,
20240303_1,zBYBor,m,4,,
20240303_2,sMow,m,3,,
20240303_2,pANm,m,4,,
20240303_2,pANg,m,5,"Still changing beak colour, half pale, half black",
20240303_2,pBYrb,f,,,
20240303_3,fNo,m,4,,
20240303_3,cBar,m,4.5,,
20240303_3,pWRbo,m,2,,
20240303_4,jBbwb,m,4,,
20240303_4,cMra,f,,,
20240303_5,pBYyn,m,4.5,,
20240303_5,zOWOgn,m,4.5,,
20240303_5,pWRbo,m,2,,
20240303_5,cBar,m,4.5,,
20240303_5,fMr,f,,,
20240303_6,iNyb,m,2,,
20240303_6,GBB,f,,,
20240303_6,jWRna,f,,,
20240303_6,jMna,m,2,,
20240303_6,zWBWwg,m,4,,
20240303_6,cOnr,m,1,,
20240303_9,zAwo,m,4,,
20240303_9,jBRb,f,,,
20240303_9,iWq,m,3.5,,
20240303_9,jMrw,m,2.5,,
20240303_10,jBn,m,4.5,,
20240303_11,pObo,m,1,,
20240303_11,pYNYba,m,3,,
20240303_12,iMy,m,3,,
20240303_13,pWBwr,f,,,
20240303_13,pWByn,f,,,
20240303_13,cGRb,m,2,,
20240303_14,pWbo,m,2,,
20240303_15,uYwg,m,3,,
20240303_15,sRNwn,f,,,
20240303_15,pWRWm,m,5,,
20240305_1,sMbr,m,3,,
20240305_2,iMy,m,2,,
20240305_2,,f,,sK?,
20240305_3,hRo,f,,,
20240305_3,zBYBan,m,NA,,
20240305_4,pYNYba,m,3,,
20240305_4,uBba,m,2,,
20240305_4,pWbo,m,2,,
20240305_4,zWbr,m,2,,
20240305_4,pWBWwr,m,3.5,,
20240305_4,sRWow,m,NA,,
20240305_5,cNb,m,4,,
20240305_5,hBna,m,3,,
20240305_5,uYwg,m,4,,
20240305_5,pWRWm,f,,,
20240305_5,uGwg,m,3,,
20240305_6,hBy,m,4.5,,
20240305_6,pWRbo,m,2,,
20240305_6,pBYyn,m,5,,
20240305_7,pNaba,m,4,,
20240305_7,pWRbo,m,2,,
20240305_8,sMow,m,3,,
20240305_8,pANm,m,4,,
20240305_9,jMna,m,3,,
20240305_9,jBbg,m,4.5,,
20240305_9,sKo,f,,,
20240305_10,zWBWwg,m,4,,
20240305_10,jWRna,f,,,
20240305_11,pWByn,f,,,
20240305_11,sAq,f,,,
20240305_11,cWbg,f,,,
20240305_11,pWBwr,f,,,
20240305_11,cGRb,m,3,,
20240305_11,lYRbo,m,3,,
20240305_11,cMy,m,3,,
20240305_12,uOq,m,2,,
20240305_12,uGwg,m,4,,
20240305_13,pBYyn,m,5,,
20240305_13,fNo,m,4.5,,
20240305_13,zOWOgn,m,4.5,,
20240305_13,pWRbo,m,1.5,,
20240305_13,uGwg,m,4,,
20240305_14,iNyb,m,1.5,,
20240305_14,jBn,m,4.5,,
20240305_15,GBB,f,,,
20240305_15,cOnr,m,2,,
20240305_15,pBGrb,f,,,
20240305_15,jWRna,f,,,
20240305_16,cBar,m,4.5,,
20240305_17,fMr,f,,,
20240305_18,iWq,m,4,,
20240305_18,jBRb,f,,,
20240305_18,zAwo,m,4.5,,
20240305_18,jMrw,m,2,,
20240307_1,cMra,f,,,
20240307_1,zOWOgn,m,5,,
20240307_1,hBy,m,4.5,,
20240307_1,pWRbo,m,2,,
20240307_1,jGyr,f,,,
20240307_1,jBbwb,m,4.5,,
20240307_1,pNaba,m,4,,
20240307_2,iMy,m,2,,
20240307_2,pWByn,f,,,
20240307_2,pWBwr,f,,,
20240307_2,,m,NA,,
20240307_3,cWbg,f,,,
20240307_4,uGwg,m,3.5,,
20240307_4,uOq,m,3,,
20240307_5,cBar,m,4.5,,
20240307_5,jGyr,f,,,
20240307_6,cOnr,m,2,,
20240307_6,GBB,f,,,
20240307_6,pBGrb,f,,,
20240307_6,jMna,m,3,,
20240307_6,jWRna,f,,,
20240307_6,zWBWwg,m,4,,
20240307_7,jBbg,m,4.5,,
20240307_7,sKo,f,,,
20240307_8,jBRao,f,,,
20240307_8,jWRn,f,,,
20240307_8,jYny,m,2,,
20240307_8,zBYBan,m,2,,
20240307_9,sRWow,m,2.5,,
20240307_9,sKa,f,,,
20240307_10,lYRbo,m,3,,
20240307_10,cWbg,f,,,
20240307_10,cMy,m,3.5,,
20240307_10,sAq,f,,,
20240307_11,iMy,m,2,,
20240307_11,pRWob,m,2,,
20240307_12,uBry,m,4,,
20240307_12,uOq,m,3,,
20240307_13,pWbo,m,3.5,,
20240307_13,pObo,m,1.5,3 brown feathers on right cheek,
20240307_13,pYNYba,m,3.5,,
20240309_1,pBYrb,f,,pBWrb,
20240309_1,,m,4,uN?,
20240309_2,pWRbo,m,2,,
20240309_2,jGyr,f,,,
20240309_3,zOWOgn,m,4.5,very close to moult 5,
20240309_3,pBYyn,m,5,,
20240309_3,jGyr,f,,,
20240309_3,pWRbo,m,2,,
20240309_4,uBry,m,4,,
20240309_5,uOq,m,3.5,,
20240309_5,fMr,f,,,
20240309_5,pBYyn,m,5,,
20240309_5,jGyr,f,,,
20240309_6,pWRbo,m,2.5,,
20240309_7,pWByn,f,,,
20240309_7,pWBwr,f,,,
20240309_7,lYRbo,m,3.5,,
20240309_8,iOyn,m,2,,
20240309_8,hBr,f,,Eats worm,
20240309_9,jBn,m,5,,
20240309_10,zAwo,m,4.5,very close to moult 5,
20240309_10,iWq,m,4,4+,
20240309_10,jMrw,m,2.5,,
20240309_10,jBRb,f,,,
20240309_11,pWRWm,m,5,,
20240309_11,cNb,m,4,,
20240309_11,sRNwn,f,,,
20240309_12,zWbr,m,2,,
20240309_12,zYwo,f,,?Ywo; seems to be a ring under Y,
20240309_13,jBRao,f,,,
20240309_13,uBba,m,2,,
20240309_13,zYwo,f,,?Ywo; seems to be a ring under Y,
20240309_13,fYrbr,f,,,
20240309_14,jGRar,f,,,
20240309_14,cOq,f,,,
20240309_14,hONq,m,2,,
20240309_14,hGw,f,,,
20240309_14,pBGyn,f,,,
20240309_14,pBRwr,m,2.5,,
20240309_14,zAgn,m,2.5,,
20240309_15,pRWob,m,NA,,
20240309_16,cMq,f,,,
20240309_16,sKa,f,,,
20240309_16,sRWow,m,2.5,,
20240309_17,cOnr,m,2,,
20240309_17,iNyb,m,2,,
20240309_17,pBGrb,f,,,
20240309_17,jMna,m,3,,
20240309_17,jWRna,f,,,
20240309_17,zWBWwg,m,4.5,very close to moult 5,
20240309_18,hBy,m,5,,
20240309_18,pANm,m,4.5,,
20240309_18,fWw,m,4.5,,
20240311_1,pWBwr,f,,,
20240311_1,iOyn,m,2,,
20240311_1,pWByn,f,,,
20240311_1,cGRb,m,3.5,,
20240311_2,cMy,m,4,,
20240311_2,sAq,f,,,
20240311_2,lYRbo,m,3,,
20240311_3,cWbg,f,,,
20240311_3,cGRb,m,3.5,,
20240311_3,iOyn,m,2,,
20240311_3,sAq,f,,,
20240311_3,lYRbo,m,3,,
20240311_3,cMy,m,4,,
20240311_3,pWBwr,f,,,
20240311_3,pWByn,f,,,
20240311_4,jWRn,f,,,
20240311_4,lWArg,m,2,,
20240311_4,fYrbr,f,,,
20240311_4,fNw,m,2,,
20240311_4,zYwo,f,,?Ywo; def a ring under Y,
20240311_4,zWbr,m,2.5,,
20240311_4,uBba,m,2,,
20240311_5,iMy,m,3,,
20240311_5,pObo,m,1.5,one brown feather,
20240311_5,pYNYba,m,3.5,,
20240311_6,zWBWwg,m,4.5,just a few blue feathers left,
20240311_6,GBB,f,,,
20240311_6,jMna,m,3.5,,
20240311_6,cOnr,m,2.5,,
20240311_6,jWRna,f,,,
20240313_1,sKo,f,,,
20240313_1,jBbg,m,5,,
20240313_2,cMq,f,,,
20240313_2,sKa,f,,,
20240313_2,sRWow,m,4,,
20240313_2,pWBWrg,m,4,,
20240313_3,cMy,m,4,,
20240313_4,pWBwr,f,,,
20240313_4,pWByn,f,,,
20240313_5,pWRWm,m,5,,
20240313_5,uYwg,m,5,,
20240313_5,sRNwn,f,,,
20240313_5,cNb,m,4,,
20240313_5,hBna,m,3,,
20240313_6,fNo,m,4,,
20240313_6,pBYyn,m,5,,
20240313_6,cBar,m,5,,
20240313_6,pWRbo,m,2.5,,
20240313_6,jGyr,f,,,
20240313_7,pANg,m,5,,
20240313_7,pNaba,m,5,,
20240313_7,hBy,m,5,,
20240313_7,sMow,m,4.5,,
20240313_7,jBbwb,m,4.5,,
20240313_7,pANm,m,4.5,few blue feather on the cheek,
20240313_7,jOn,m,5,,
20240313_8,hBy,m,5,,
20240313_8,cMra,f,,,
20240313_8,jBbwb,m,4.5,,
20240313_8,pNaba,m,5,,
20240313_9,zOWOgn,m,4.5,,
20240313_9,pBYyn,m,5,,
20240313_9,fNo,m,4,,
20240313_9,pNaba,m,5,,
20240313_9,cMra,f,,,
20240313_10,jWRna,f,,,
20240313_10,zWBWwg,m,5,,
20240313_10,jMna,m,3,,
20240313_10,pBGrb,f,,,
20240313_10,iNyb,m,2,,
20240313_10,cOnr,m,3.5,,
20240313_11,sAg,f,,,
20240313_11,sMra,m,4.5,,
20240313_11,zBYBor,m,NA,Moult>3,
20240313_12,iWq,m,4.5,,
20240313_12,jMrw,m,3.5,,
20240313_12,jBRb,f,,,
20240313_12,zAwo,m,5,,
20240315_1,iONr,m,4,,
20240315_1,pBYrb,f,,,
20240315_1,lNOn,f,,,
20240315_1,uNyby,m,4,,
20240315_1,fMn,m,5,,
20240315_1,pANg,m,5,,
20240315_1,jRNo,m,4,,
20240315_1,sKo,f,,,
20240315_1,jBbg,m,5,,
20240315_1,fRWa,f,,,
20240315_2,zOWOgn,m,5,,
20240315_2,cBar,m,5,,
20240315_2,pBYyn,m,5,,
20240315_2,pWRbo,m,3,,
20240315_2,hBy,m,5,,
20240315_2,GBB,f,,,
20240315_3,sRNwn,f,,,
20240315_3,uYwg,m,5,,
20240315_3,pWRWm,m,5,,
20240315_3,hBna,m,4,,
20240315_4,lGNw,m,5,,
20240315_5,pWBwr,f,,,
20240315_5,pWByn,f,,,
20240315_5,cGRb,m,3.5,,
20240315_6,pRWob,m,4,,
20240315_6,iOyn,m,2,,
20240315_6,hBr,f,,,
20240315_7,sRWow,m,3.4,,
20240315_7,pWByn,f,,,
20240315_7,pWBwr,f,,,
20240315_7,sKa,f,,,
20240315_7,cGRb,m,3.5,,
20240315_7,cMq,f,,,
20240315_8,jBn,m,5,,
20240315_8,jGyr,f,,,
20240315_9,GBB,f,,,
20240315_9,pBGrb,f,,,
20240315_9,jMna,m,3.5,,
20240315_9,jWRna,f,,,
20240315_9,zWBWwg,m,5,,
20240315_9,jBn,m,5,,
20240315_9,cOnr,m,3,,
20240315_10,zAwo,m,5,,
20240315_10,jBRb,f,,,
20240315_10,jMrw,m,4,,
20240315_10,iWq,m,5,,
20240315_11,cMy,m,4.5,,
20240315_12,sBYBa,f,,,
20240315_13,pNaba,m,5,,
20240315_13,sMow,m,4,,
20240315_13,jBbwb,m,5,,
20240315_13,cMra,f,,,
20240315_13,pANg,m,5,,
20240315_13,pANm,m,5,,
20240315_13,hBy,m,5,,
20240315_13,iONr,m,4.5,,
20240315_13,pBYrb,f,,,
20240315_13,uNyby,m,4.5,,
20240319_1,jMrw,m,4,,
20240319_1,iWq,m,5,,
20240319_1,zAwo,m,5,,
20240319_1,jBRb,f,,,
20240319_3,cMy,m,5,,
20240319_4,pWBWrg,m,5,,
20240319_4,sKa,f,,,
20240319_4,sRWow,m,5,,
20240319_4,cMq,f,,,
20240319_5,jGRar,f,,,
20240319_5,pBRwr,m,3.5,,
20240319_5,zAgn,m,NA,,
20240319_5,pBGyn,f,,,
20240319_5,hGw,f,,,
20240319_5,hONq,m,4,,
20240319_5,cOq,f,,,
20240319_5,,m,NA,,
20240319_6,jBRao,f,,,
20240319_6,fYrbr,f,,,
20240319_7,jMna,m,4,,
20240319_7,jWRna,f,,,
20240319_7,zWBWwg,m,5,,
20240319_8,sMow,m,4.5,,
20240319_8,pANm,m,5,,
20240319_8,hBy,m,5,Moulting tail (~half growing at 1/3 of length),
20240319_9,cBar,m,5,,
20240319_9,zOWOgn,m,5,,
20240319_10,fMr,f,,,
20240319_10,fNo,m,5,few blue feathers,
20240319_11,uYwg,m,5,,
20240319_11,sRNwn,f,,,
20240319_11,pWRWm,m,5,,
20240319_11,hBna,m,5,,
20240319_12,zOob,f,,,
20240319_12,lWArg,m,3,,
20240319_12,zWbr,m,3,,
20240319_12,jWRn,f,,,
20240319_12,fYrbr,f,,,
20240319_12,zYwo,f,,Y over z,
20240319_13,uBba,m,2.5,,
20240319_13,jBRao,f,,,
20240319_14,pObo,m,2.5,,
20240319_14,jBrn,m,5,,
20240319_14,pYNYba,m,4,,
20240319_15,jBbg,m,5,,
20240319_15,sKo,f,,,
20240321_1,zOWOgn,m,5,,
20240321_1,pBYyn,m,5,,
20240321_1,pWRbo,m,4,,
20240321_1,jGyr,f,,,
20240321_2,cOnr,m,3.5,,
20240321_2,jBn,m,5,,
20240321_2,iNyb,m,3,,
20240321_2,pBGrb,f,,,
20240321_2,GBB,f,,,
20240321_3,jBRb,f,,,
20240321_3,jMrw,m,4.5,,
20240321_3,zAwo,m,5,,
20240321_3,iWq,m,5,,
20240321_4,cGRb,m,4.5,,
20240321_4,pWBwr,f,,,
20240321_4,pWByn,f,,,
20240321_4,hBr,f,,,
20240321_5,sAq,f,,,
20240321_5,cWbg,f,,,
20240321_5,,m,3,,
20240321_5,lYRbo,m,4.5,,
20240321_5,cMq,f,,,
20240321_6,iMy,m,4.5,,
20240321_6,pYNYba,m,5,5-,
20240321_6,pObo,m,3,,
20240321_7,zYwo,f,,Y over z,
20240321_7,jBRao,f,,,
20240321_7,fYrbr,f,,,
20240321_7,uBba,m,3.5,,
20240321_8,uOq,m,4.5,,
20240321_8,uGwg,m,5,,
20240321_9,jGyr,f,,,
20240321_9,fMr,f,,,
20240321_9,pWRbo,m,4,,
20240321_9,jBn,m,5,,
20240321_10,hBy,m,5,,
20240321_10,pANm,m,5,,
20240321_10,sMow,m,4.5,,
20240324_1,pNaba,m,5,,
20240324_1,sMow,m,5,,
20240324_1,hBy,m,5,,
20240324_1,pBYyn,m,5,,
20240324_1,pANm,m,5,,
20240324_1,cMra,f,,,
20240324_1,jBbwb,m,5,,
20240324_2,zOWOgn,m,5,,
20240324_2,pWRbo,m,4.5,,
20240324_2,fNo,m,5,5-,
20240324_2,pANm,m,5,,
20240324_2,,f,,,
20240324_3,jMna,m,4.5,,
20240324_3,sKo,f,,,
20240324_3,jWRna,f,,,
20240324_3,pBGrb,f,,,
20240324_3,zWBWwg,m,5,,
20240324_3,GBB,f,,,
20240324_3,jBbg,m,5,,
20240324_4,cGRb,m,5,,
20240324_4,pWByn,f,,,
20240324_5,iWq,m,5,,
20240324_5,zAwo,m,5,,
20240324_5,jMrw,m,4.5,,
20240324_5,jBRb,f,,,
20240324_6,jBrn,m,5,,
20240324_6,pObo,m,3.5,,
20240324_6,pYNYba,m,4.5,,
20240324_7,jWRn,f,,,
20240324_7,lWArg,m,3.5,,
20240324_7,uBba,m,4,,
20240324_7,fYrbr,f,,,
20240324_7,jBRao,f,,,
20240324_8,uYwg,m,5,,
20240324_8,sRNwn,f,,,
20240324_8,pWRWm,m,5,,
20240324_8,hBna,m,4.5,,
20240324_9,uGwg,m,5,,
20240324_9,uBry,m,5,,
20240324_10,cMra,f,,,
20240324_10,jBbwb,m,5,,
20240324_10,sMow,m,5,,
20240324_10,hBy,m,5,,
20240324_10,pANm,m,5,,
20240326_1,jBbwb,m,5,,
20240326_1,pNaba,m,5,,
20240326_1,pBYyn,m,5,,
20240326_1,cMra,f,,,
20240326_1,hBy,m,5,,
20240326_1,cBar,m,5,,
20240326_1,zOWOgn,m,5,,
20240326_1,jGyr,f,,,
20240326_1,sMow,m,5,,
20240326_2,jBbg,m,5,,
20240326_2,sKo,f,,,
20240326_2,zWBWwg,m,5,,
20240326_2,jBn,m,5,,
20240326_2,pBGrb,f,,,
20240326_2,jWRna,f,,,
20240326_3,zYwo,f,,,
20240326_3,zWbr,m,4.5,,
20240326_3,lWArg,m,4.5,,
20240326_3,fYrbr,f,,,
20240326_3,jWRn,f,,,
20240326_3,jBRao,f,,,
20240326_3,uBba,m,4,,
20240326_4,pYNYba,m,4.5,,
20240326_4,pObo,m,4,,
20240326_4,iMy,m,4.5,,
20240326_5,lNWn,m,4.5,,
20240326_5,sRy,f,,,
20240326_5,pWByn,f,,,
20240326_5,hBr,f,,,
20240326_5,cWbg,f,,,
20240326_5,sAq,f,,,
20240326_5,cMy,m,5,,
20240326_5,sMbr,m,5,,
20240326_6,pWbo,m,5,,
20240326_7,pWRWm,m,5,,
20240326_7,sRNwn,f,,,
20240326_7,uYwg,m,5,,
20240326_8,uOq,m,5,,
20240326_8,uGwg,m,5,,
20240326_8,uBry,m,5,,
20240326_9,pANg,m,5,,
20240326_9,lNOn,f,,,
20240326_9,pBYrb,f,,,
20240326_9,uNyby,m,5,,
20240326_9,iONr,m,5,,
20240326_9,sMow,m,5,,
20240326_9,pANm,m,5,,
20240328_1,hBna,m,4.5,,
20240328_1,sRNwn,f,,,
20240328_1,pWRWm,m,5,,
20240401_1,jWRna,f,,,
20240401_1,GBB,f,,,
20240401_1,pBGrb,f,,,
20240401_1,zWBWwg,m,5,,
20240401_1,iNyb,m,4,,
20240401_1,cOnr,m,4.5,few blue feathers,
20240401_1,jMna,m,4.5,few blue feathers,
20240401_1,jBbg,m,5,,
20240401_1,jBn,m,5,,
20240401_2,jBRb,f,,,
20240401_2,jMrw,m,5,,
20240401_2,iWq,m,5,,
20240401_2,zAwo,m,5,,
20240401_3,pWByn,f,,,
20240401_3,cGRb,m,5,,
20240401_4,sAq,f,,,
20240401_4,cWbg,f,,,
20240401_4,cMy,m,5,,
20240401_4,sRy,f,,,
20240401_4,lNWn,m,5,,
20240401_4,lYRbo,m,5,,
20240401_5,zBYBan,m,5,,
20240401_5,jYny,m,4,,
20240401_6,pWbo,m,5,tail moulting,
20240401_7,zYwo,f,,,
20240401_7,jWRn,f,,,
20240401_7,lWArg,m,4,,
20240401_8,sRNwn,f,,,
20240401_8,cNb,m,5,,
20240401_8,pWRWm,m,5,,
20240401_9,uBry,m,5,,
20240401_10,zOWOgn,m,5,,
20240401_10,cBar,m,5,,
20240401_10,pWRbo,m,5,,
20240401_10,jGyr,f,,,
20240401_10,pBYyn,m,5,,
20240401_10,fNo,f,,,
20240401_11,hBy,m,5,tail moulting,
20240401_11,pANm,m,5,,
20240401_11,sMow,m,5,,
20240401_11,pNaba,m,5,,
20240401_12,pANg,m,5,,
20240401_12,pBYrb,f,,,
20240401_12,lNOn,f,,,
20240401_12,iONr,m,5,tail moulting,
20240401_12,uNyby,m,5,,
20240404_1,hBy,m,5,,
20240404_1,pNaba,m,5,,
20240404_1,pANm,m,5,,
20240404_1,cMra,f,,,
20240404_1,sMow,m,5,,
20240404_1,pWRbo,m,5,,
20240404_1,jBbwb,m,5,,
20240404_1,zOWOgn,m,5,,
20240404_1,pBYyn,m,5,,
20240404_1,jGyr,f,,,
20240404_2,iNyb,m,4,,
20240404_2,zWBWwg,m,5,,
20240404_2,jWRna,f,,,
20240404_2,jBbg,m,5,,
20240404_2,sGn,m,5,,
20240404_2,sBw,m,,,
20240404_2,pBGrb,f,,,
20240404_2,jMna,m,5,,
20240404_3,zAwo,m,5,,
20240404_4,pRWob,m,5,,
20240404_5,jWRn,f,,,
20240404_5,jBRao,f,,,
20240404_5,lWArg,m,4.5,,
20240404_5,zYwo,f,,,
20240404_5,uBba,m,5,,
20240404_5,zWbr,m,5,,
20240404_6,cNb,m,5,,
20240404_6,hBna,m,5,,
20240404_6,,m,NA,,
20240404_7,uGwg,m,5,,
20240404_7,uOq,m,5,,
20240404_7,uBry,m,5,,
20240411_1,pBGrb,f,,,
20240411_1,iMy,m,5,,
20240411_1,zWBWwg,m,5,,
20240411_1,jWRna,f,,,
20240411_1,jBbg,m,5,,
20240411_1,sBw,m,5,,
20240411_1,jBrn,m,5,,
20240411_2,zAwo,m,5,,
20240411_2,cGRb,m,5,,
20240411_2,jMrw,m,5,,
20240411_2,iWq,m,5,,
20240411_2,pRWob,m,5,,
20240411_3,lYRbo,m,4.5,few blue feathers,
20240411_3,sAq,f,,,
20240411_3,cWbg,f,,,
20240411_3,cMy,m,5,,
20240411_4,pRWob,m,,,
20240411_4,pWByn,f,,,
20240411_4,cGRb,m,5,,
20240411_5,zOob,f,,,
20240411_5,lWArg,m,5,,
20240411_5,jWRn,f,,,
20240411_5,lGNw,m,5,,
20240411_5,zYwo,f,,,
20240411_5,zWbr,m,5,,
20240411_6,pWbo,m,5,,
20240411_7,pWRWm,m,5,,
20240411_7,sRNwn,f,,,
20240411_7,hBna,m,NA,,
20240411_7,cNb,m,NA,,
20240411_7,uYwg,m,5,,
20240411_8,pWRbo,m,5,,
20240411_8,pBYyn,m,5,,
20240411_9,jBbwb,m,5,,
20240411_9,lNOn,f,,,
20240411_9,uNyby,m,5,,
20240411_9,pBYrb,f,,,
20240411_9,pANg,m,5,,
20240411_9,iONr,m,5,,
20240411_10,cMra,f,,,
20240411_10,hBy,m,5,,
20240411_10,jBbwb,m,5,,
20240411_10,uNyby,m,5,,
20240411_10,sMow,m,5,,
20240415_1,zBYBor,m,5,,
20240415_1,jBbwb,m,5,,
20240415_1,pANm,m,5,,
20240415_1,sMow,m,5,,
20240415_1,jBbg,m,5,,
20240415_1,sAg,f,,,
20240415_1,pNaba,m,5,,
20240415_1,hBy,m,5,,
20240415_1,jMna,m,5,,
20240415_1,sBw,m,5,,
20240415_2,GBB,f,,,
20240415_2,sGn,m,5,,
20240415_2,cOnr,m,5,,
20240415_2,iNyb,m,4.5,,
20240415_2,sMag,m,5,,
20240415_3,jMrw,m,5,,
20240415_3,zAwo,m,5,,
20240415_3,sGn,m,5,,
20240415_3,iNyb,m,4.5,,
20240415_3,jBn,m,5,,
20240415_3,sMag,m,5,,
20240415_3,cOnr,m,5,,
20240415_3,jBRb,f,,,
20240415_3,sBw,u,,,
20240415_3,jBbg,m,5,,
20240415_3,jMna,m,5,,
20240415_3,jWRna,f,,,
20240415_3,zWBWwg,m,5,,
20240415_3,iWq,m,5,,
20240415_3,GBB,f,,,
20240415_4,pWByn,f,,,
20240415_4,cGRb,m,5,,
20240415_5,sAq,f,,,
20240415_5,lYRbo,m,5,,
20240415_5,cMy,m,5,,
20240415_5,cWbg,f,,,
20240415_6,pRWob,m,5,,
20240415_7,uBba,m,5,,
20240415_7,jBRao,m,5,,
20240415_7,zYwo,f,,,
20240415_7,pWBWwr,m,5,,
20240415_7,iNq,m,5,,
20240415_8,pYNYba,m,5,,
20240415_8,iMy,m,5,,
20240415_9,uOq,m,5,,
20240415_9,uBry,m,5,,
20240415_10,jGyr,f,,,
20240415_10,pWRbo,m,5,moulting tail,
20240415_10,pBYyn,m,5,,
20240415_10,zOWOgn,m,5,,
20240418_1,uOq,m,5,,
20240418_1,uBry,m,5,,
20240418_2,lYRbo,m,5,,
20240418_2,cWbg,f,,,
20240418_2,cMy,m,5,,
20240418_2,sAq,f,,,
20240418_3,pRWob,m,5,,
20240418_4,jGRar,f,,,
20240418_4,zAgn,m,5,,
20240418_4,jBrn,m,5,,
20240418_4,,NA,NA,,
20240418_5,iMy,m,5,,
20240418_6,pWbo,m,5,,
20240418_7,hBna,m,5,,
20240418_7,uYwg,m,5,,
20240418_7,pWRWm,m,5,,
20240418_7,sRNwn,f,,,
20240418_7,uGwg,m,5,,
20240418_7,uOq,m,5,,
20240418_7,uBry,m,5,,
20240418_8,lWArg,m,5,,
20240418_8,jWRn,f,,,
20240418_8,zYwo,f,,,
20240418_8,zWbr,m,5,,
20240418_9,pWRbo,m,5,,
20240418_9,fNo,m,5,,
20240418_9,zOWOgn,m,5,,
20240418_9,jGyr,f,,,
20240418_9,pBYyn,m,5,,
20240418_9,cBar,m,5,,
20240418_10,cOnr,m,5,,
20240418_10,GBB,f,,,
20240418_11,jMna,m,5,,
20240418_11,zWBWwg,m,5,,
20240418_11,jWRna,f,,,
20240418_11,sBw,u,,,
20240418_12,jBbg,m,5,,
20240423_1,fNo,m,5,,
20240423_1,cBar,m,5,,
20240423_1,sRyn,m,5,,
20240423_1,sNan,m,5,,
20240423_1,pBYyn,m,5,,
20240423_1,fMr,f,,,
20240423_1,jGyr,f,,,
20240423_1,zOWOgn,m,5,,
20240423_1,pWRbo,m,5,,
20240423_2,sNan,m,5,,
20240423_2,cBar,m,5,,
20240423_2,sRyn,m,5,,
20240423_2,uBry,m,5,,
20240423_2,sWrb,u,,,
20240423_2,,NA,NA,,
20240423_3,pYNYba,m,5,,
20240423_3,pObo,m,5,,
20240423_3,iMy,m,5,,
20240423_4,uYwg,m,5,,
20240423_4,hBna,m,5,,
20240423_4,sGNrb,u,,,
20240423_4,sYnr,m,5,,
20240423_4,pWbo,m,5,,
20240423_5,zYwo,f,,,
20240423_5,lWArg,m,5,,
20240423_5,jWRn,f,,,
20240423_5,zWbr,m,5,,
20240423_5,zOob,m,5,,
20240423_5,jBRao,f,,,
20240423_6,iMy,m,5,,
20240423_6,cGRb,m,5,,
20240423_7,lYRbo,m,5,,
20240423_7,sAq,f,,,
20240423_8,zWBWwg,m,5,,
20240423_8,sBw,m,5,,
20240423_8,jWRna,f,,,
20240423_8,jBbg,m,5,,
20240423_8,jMna,m,5,,
20240423_8,pANm,m,5,,
20240423_9,pNaba,m,5,,
20240423_9,cMra,f,,,
20240423_9,sMow,m,5,,
20240423_9,jBbwb,m,5,,
20240423_9,hBy,m,5,,
20240423_9,pANm,m,5,,
20240426_1,zAwo,m,5,,
20240426_1,iWq,m,5,,
20240426_1,jMrw,m,5,,
20240426_1,jBRb,f,,,
20240426_1,cMy,m,5,,
20240426_1,lYRbo,m,5,,
20240426_1,sAq,f,,,
20240426_1,cGRb,m,5,,
20240426_1,pWByn,f,,,
20240426_1,iMy,m,5,,
20240426_1,pRWob,m,5,,
20240426_1,jBrn,m,5,,
20240426_2,cBar,m,5,,
20240426_2,fMr,f,,,
20240426_2,sNan,m,5,,
20240426_2,sRyn,m,5,,
20240426_2,sOo,m,5,,
20240426_2,fNo,m,5,,
20240426_3,uYwg,m,5,,
20240426_3,pWRWm,m,5,,
20240426_3,cNb,m,5,,
20240426_3,hBna,m,5,,
20240426_3,sRNwn,f,,,
20240426_4,uOq,m,5,,
20240426_4,uGwg,m,5,,
20240426_5,zOWOgn,m,5,,
20240426_5,pBYyn,m,5,,
20240426_5,pWRbo,m,5,,
20240426_5,uBry,m,5,,
20240426_6,sMag,m,5,,
20240426_6,jBn,m,5,,
20240426_6,pBGrb,f,,,
20240426_6,iNyb,m,5,,
20240426_6,sGn,m,5,,
20240426_6,cOnr,m,5,,
20240426_6,GBB,f,,,
20240426_7,uNyby,m,5,,
20240426_7,iONr,m,5,,
20240426_7,pANg,m,5,,
20240426_7,lNOn,f,,,
20240426_7,pBYrb,f,,,
20240426_7,lYBwvw,m,5,,
20240426_7,lWAbo,m,5,,
20240426_7,jOn,m,5,,
20240426_7,pWr,m,5,,
20240426_7,,NA,NA,,
20240429_1,hBna,m,5,,
20240429_1,cGRb,m,5,,
20240429_1,cNb,m,5,,
20240429_1,iMy,m,5,,
20240429_1,sNan,m,5,,
20240429_1,sRyn,m,5,,
20240429_1,jBrn,m,5,,
20240429_1,uOq,m,5,,
20240429_1,uGwg,m,5,,
20240429_2,pObo,m,5,,
20240429_2,pYNYba,m,5,,
20240429_3,sYnr,m,5,,
20240429_3,sWrb,u,,,
20240429_3,pWRWm,m,5,,
20240429_3,uYwg,m,5,,
20240429_3,hBna,m,5,,
20240429_3,cNb,m,5,,
20240429_4,zYwo,f,,,
20240429_4,uBba,m,5,,
20240429_4,lWArg,m,5,,
20240429_5,zOWOgn,m,5,,
20240429_5,pWRbo,m,5,,
20240429_5,cBar,m,5,,
20240429_5,fMr,f,,,
20240429_5,sNan,m,5,,
20240429_5,sRyn,m,5,,
20240502_1,hBy,m,5,,
20240502_1,jBbwb,m,5,,
20240502_1,pNaba,m,5,,
20240502_1,cMra,f,,,
20240502_2,fNo,m,5,,
20240502_2,jGyr,f,,,
20240502_2,pBYyn,m,5,,
20240502_2,zOWOgn,m,5,,
20240502_3,sANnw,u,,,
20240502_3,sRBaba,u,,pecks on aba ring (put in the morning),
20240502_3,iMy, m,5,,
20240502_3,sNan,m,5,,
20240502_3,sRyn,m,5,,
20240502_3,cBar,m,5,,
20240502_3,uGwg,m,5,,
20240502_3,uBry,m,5,,
20240502_4,uOq,m,5,,
20240502_4,uGwg,m,5,,
20240502_4,uBry,m,5,,
20240502_5,cNb,m,5,,
20240502_5,pWRWm,m,5,,
20240502_5,sRNwn,f,,,
20240502_5,hBna,m,5,,
20240502_5,uYwg,m,5,,
20240502_5,sBYg,m,5,,
20240502_5,sWrb,u,,,
20240502_5,pOWOoa,m,5,,
20240502_5,iGBao,f,,,
20240502_5,lGNw,m,5,,
20240502_5,pWRaba,m,5,,
20240502_5,pWbo,m,5,,
20240502_5,sWAg,f,,,
20240502_6,zYwo,f,,,
20240502_6,lWArg,m,5,,
20240502_6,jWRn,f,,,
20240502_6,zWbr,m,5,,
20240502_6,hOo,f,,,
20240502_6,zOob,f,,,
20240502_6,jNrbr,m,5,,
20240502_6,fRBa,f,,,
20240502_7,jBRao,m,5,,
20240502_7,uBba,m,5,,
20240502_7,jYny,m,5,,
20240502_7,jWRn,f,,,
20240502_7,zWbr,m,5,,
20240502_7,lWArg,m,5,,
20240502_8,pWByn,f,,,
20240502_8,sANnw,u,,,
20240502_8,pWBWrg,m,5,,
20240502_8,cMq,f,,,
20240502_8,sKa,f,,,
20240502_8,iMy,m,5,,
20240502_8,sRBaba,u,,,
20240502_8,jBrn,m,5,,
20240502_8,cGRb,m,5,,
20240502_9,zAwo,m,5,,
20240502_9,jBRb,f,,,
20240502_9,jMrw,m,5,,
20240502_9,pRWob,m,5,,
20240502_9,iWq,m,5,,
20240502_9,sRy,f,,,
20240502_9,iWbo,m,5,,
20240502_9,sRWow,m,5,,
20240502_9,sKa,f,,,
20240502_9,lYRbo,m,5,,
20240502_9,cMy,m,5,,
20240502_10,sGn,m,5,,
20240502_10,pBGrb,f,,,
20240502_10,GBB,f,,,
20240502_10,jBn,m,5,,
20240502_10,sOo,m,5,,
20240506_1,zOWOgn,m,5,,
20240506_1,fNo,m,5,,
20240506_1,sNan,m,5,,
20240506_1,jGyr,f,,,
20240506_1,pBYyn,m,5,,
20240506_1,pWRbo,m,5,,
20240506_2,uOq,m,5,,
20240506_2,pWRWm,m,5,,
20240506_2,uYwg,m,5,,
20240506_2,sRNwn,f,,,
20240506_2,uBry,m,5,,
20240506_2,uGwg,m,5,,
20240506_2,cNb,m,5,,
20240506_3,pWbo,m,5,,
20240506_3,cMb,f,,,
20240506_3,sWrb,u,,,
20240506_3,sGNrb,u,,,
20240506_3,uMoa,m,5,,
20240506_3,uOq,m,5,,
20240506_3,sBYg,m,5,,
20240506_3,sYnr,m,5,,
20240506_4,iMy,m,5,,
20240506_4,jBrn,m,5,,
20240506_4,sRBaba,u,,,
20240506_4,pYNYba,m,5,,
20240506_4,pObo,m,5,,
20240506_5,sKa,f,,,
20240506_5,pRWob,m,5,,
20240506_5,iOyn,m,5,,
20240506_5,hBr,f,,,
20240506_6,zAwo,m,5,,
20240506_6,jBRb,f,,,
20240506_6,iMyb,m,5,M plastic lost ,
20240506_6,cWbg,f,,,
20240506_6,sAq,f,,,
20240506_6,jMrw,m,5,,
20240506_6,iWq,m,5,,
20240506_7,GBB,f,,,
20240506_7,cOnr,m,5,,
20240506_7,sBw,u,,,
20240506_7,jWRna,f,,,
20240506_7,zWBWwg,m,5,,
20240506_7,pBGrb,f,,,
20240506_7,jMna,m,5,,
20240506_7,jBbg,m,5,,
20240506_7,jBn,m,5,,
20240506_7,sMag,m,5,,
20240506_7,iNyb,m,5,,
20240506_8,iONr,m,5,"Alone, no other call/individual",
20240506_9,pNaba,m,5,Eating a cheese crisp,
20240506_9,pANm,m,5,,
20240506_9,sMow,m,5,,
20240506_9,cMra,f,,,
20240506_9,hBy,m,5,,
20240506_9,jBbwb,m,5,,
20240508_1,jMna,m,5,,
20240508_1,zWBWwg,m,5,,
20240508_1,jWRna,f,,,
20240508_1,sBw,u,,,
20240508_1,jBbg,m,5,,
20240508_1,jBbwb,m,5,,
20240508_1,sMow,m,5,,
20240508_1,fMn,m,5,,
20240508_1,pANg,m,5,,
20240508_1,iONr,m,5,,
20240508_1,pBYrb,f,,,
20240508_1,uNyby,m,5,,
20240508_1,lNOn,f,,,
20240508_1,cMra,f,,,
20240508_1,sOo,m,5,,
20240508_1,pBGrb,f,,,
20240508_1,hBy,m,5,,
20240508_1,pANm,m,5,,
20240508_1,iWq,m,5,,
20240508_1,sGn,m,5,,
20240508_1,jBn,m,5,,
20240508_1,jBRb,f,,,
20240508_1,jMrw,m,5,,
20240508_1,zAwo,m,5,,
20240508_1,cOnr,m,5,,
20240508_2,cBar,m,5,,
20240508_2,pBYyn,m,5,,
20240508_2,zOWOgn,m,5,,
20240508_2,fMr,f,,,
20240508_2,fNo,m,5,,
20240508_2,jGyr,f,,,
20240508_2,uGwg,m,5,,
20240508_2,uOq,m,5,,
20240508_2,uBry,m,5,,
20240508_3,zOob,f,,,
20240508_3,lWArg,m,5,,
20240508_3,zWbr,m,5,,
20240508_3,zYwo,f,,,
20240508_4,pWByn,f,,,
20240508_4,cGRb,m,5,,
20240513_1,sAWgr,u,,,
20240513_1,sRBaba,u,,,
20240513_1,sRWao,u,,,
20240513_1,iMy,m,5,,
20240513_1,sANnw,u,,,
20240513_2,pWByn,f,,,
20240513_2,cGRb,m,5,,
20240513_2,sWBWgb,u,,,
20240513_2,pRWob,m,5,,
20240513_2,sRBaba,u,,,
20240513_2,sRWao,u,,,
20240513_2,sAWgr,u,,,
20240513_2,iMy,m,5,,
20240513_3,iWq,m,5,,
20240513_3,zAwo,m,5,,
20240513_3,jMrw,m,5,,
20240513_3,jBRb,f,,,
20240513_3,cWbg,f,,,
20240513_3,sRWow,m,5,,
20240513_4,sRNwn,f,,,
20240513_4,uYwg,m,5,,
20240513_4,pWRWm,m,5,,
20240513_4,hBna,m,5,,
20240513_4,cNb,m,5,,
20240513_5,sOo,m,5,,
20240513_5,pBGrb,f,,,
20240513_5,iNyb,m,5,,
20240513_5,GBB,f,,,
20240513_5,cOnr,m,5,,
20240513_5,jWRna,f,,,
20240513_5,jMna,m,5,,
20240513_6,sMow,m,5,,
20240513_6,pANg,m,5,,
20240513_6,iONr,m,5,,
20240513_6,lNOn,f,,,
20240515_1,sAq,f,,,
20240515_1,lYRbo,m,5,,
20240515_1,cWbg,f,,,
20240515_1,pWByn,f,,,
20240515_1,sBGro,u,,,
20240515_1,sYRyr,u,,,
20240515_1,pRWob,m,5,,
20240515_1,sRWao,u,,,
20240515_1,iOyn,m,4.5,,
20240515_1,hBr,f,,,
20240515_1,jMrw,m,5,,
20240515_1,sWBWgb,m,5,,
20240515_1,cGRb,m,5,,
20240515_1,sAWgr,u,,,
20240515_1,sRBaba,u,,,
20240515_1,iMy,m,5,,
20240515_2,sYNr,u,,,
20240515_2,cMy,m,5,,
20240515_2,sRGow,u,,,
20240515_2,zAwo,m,5,,
20240515_2,jBRb,f,,,
20240515_2,iWq,m,5,,
20240515_2,,NA,NA,,
20240515_3,cOnr,m,5,,
20240515_3,GBB,f,,,
20240515_3,sOo,m,5,,
20240515_3,sGn,m,5,,
20240515_3,jBn,m,5,,
20240515_3,jBbg,m,5,,
20240515_3,zWBWwg,m,5,,
20240515_3,pBGrb,f,,,
20240515_3,jWRna,f,,,
20240515_3,sBw,u,,,
20240515_3,jMna,m,5,,
20240515_3,sARgw,m,5,,
20240515_4,sRNwn,f,,,
20240515_4,pWRWm,m,5,,
20240515_4,uYwg,m,5,,
20240515_4,uBry,m,5,,
20240515_4,uNwg,m,5,,
20240515_4,iWr,f,,,
20240515_4,uGwg,m,5,,
20240515_5,pWbo,m,5,Mascara,
20240515_5,sBYg,m,5,,
20240515_5,pBYyn,m,5,,
20240515_5,sYnr,m,5,,
20240515_5,sNan,m,5,,
20240515_5,sRyn,m,5,,
20240515_5,sNOy,u,,,
20240515_5,sGNrb,u,,,
20240515_5,sRWao,u,,,
20240515_6,lWArg,m,5,,
20240515_6,zOob,f,,Attempts catching a butterfly at 12 m,
20240515_6,zYwo,f,,,
20240515_7,pWRbo,m,5,,
20240515_7,fNo,m,5,,
20240515_7,jGyr,f,,,
20240515_7,fMr,f,,,
20240515_7,zOWOgn,m,5,,
20240515_7,cBar,m,5,,
20240515_7,pBYyn,m,5,,
20240515_8,jBbwb,m,5,,
20240515_8,cMra,f,,,
20240515_8,pNaba,m,5,,
20240515_9,jOn,m,5,,
20240515_9,lYBwvw,m,5,,
20240515_9,uNyby,m,5,,
20240515_9,lWAbo,m,5,,
20240515_9,iONr,m,5,,
20240515_9,pANg,m,5,,
20240520_1,uYwg,m,5,,
20240520_1,cNb,m,5,,
20240520_1,hBna,m,5,,
20240520_1,sRNwn,f,,,
20240520_1,sBYg,m,5,,
20240520_1,sGNrb,u,,,
20240520_1,pWbo,m,5,,
20240520_1,sYnr,m,5,,
20240520_1,sWrb,u,,,
20240520_1,pWRWm,m,5,,
20240520_1,sWMq,m,5,,
20240520_2,uOq,m,5,,
20240520_2,uBry,m,5,,
20240520_2,pNaba,m,5,,
20240520_2,sMow,m,5,,
20240520_2,hBy,m,5,,
20240520_2,zOWOgn,m,5,,
20240520_2,sWBwr,u,,,
20240520_2,sNan,m,5,,
20240520_2,fNo,m,5,,
20240520_2,pWRbo,m,5,,
20240520_2,jBbwb,m,5,,
20240520_2,uGwg,m,5,,
20240520_2,pBYyn,m,5,,
20240520_2,sBYg,m,5,,
20240520_2,sWMq,m,5,,
20240520_2,uYwg,m,5,,
20240520_2,cNb,m,5,,
20240520_2,sGNrb,u,,,
20240520_2,sYnr,m,5,,
20240520_2,sWrb,u,,,
20240520_2,hBna,m,5,,
20240520_2,cBar,m,5,,
20240520_2,pWRWm,m,5,,
20240520_2,fMr,f,,,
20240520_3,pYNYba,m,5,,
20240520_3,sRBaba,u,,,
20240520_3,hBna,m,5,,
20240520_3,pObo,m,5,,
20240520_3,uOq,m,5,,
20240520_3,sRWao,u,,,
20240520_3,iMy,m,5,,
20240520_3,sAWgr,u,,,
20240520_4,sWa,m,5,,
20240520_4,jBRb,f,,,
20240520_4,sBbwb,u,,,
20240520_4,jMrw,m,5,,
20240520_4,iWq,m,5,,
20240520_4,zAwo,m,5,,
20240520_5,sBw,u,,,
20240520_5,jMna,m,5,,
20240520_5,sARgw,m,5,no tail,
20240520_5,jWRna,f,,,
20240520_5,zWBWwg,m,5,,
20240520_5,jBbg,m,5,,
20240520_5,jBbwb,m,5,,
20240520_5,pANm,m,5,,
20240520_5,pNaba,m,5,,
20240520_5,hBy,m,5,,
20240520_5,sMow,m,5,,
20240522_1,jBbwb,m,5,,
20240522_1,sMow,m,5,,
20240522_1,hBy,m,5,,
20240522_1,pNaba,m,5,,
20240522_1,cMra,f,,,
20240522_1,pANm,m,5,,
20240522_1,sBw,u,,,
20240522_1,jMna,m,5,,
20240522_1,zWBWwg,m,5,,
20240522_1,jWRna,f,,,
20240522_1,cOnr,m,5,dark eyelashes very marked,
20240522_1,iNyb,m,5,dark eyelashes very marked,
20240522_1,sARgw,m,5,no tail,
20240522_2,zOWOgn,m,5,,
20240522_2,cBar,m,5,,
20240522_2,fNo,m,5,,
20240522_2,fMr,f,,,
20240522_3,pWRWm,m,5,,
20240522_3,cNb,m,5,,
20240522_3,uYwg,m,5,,
20240522_3,uBry,m,5,,
20240522_3,uOq,m,5,,
20240522_3,sRNwn,f,,,
20240522_3,hBna,m,5,,
20240522_3,uGwg,m,5,,
20240522_3,sYRyr,u,,,
20240522_3,sNan,m,5,,
20240522_3,sRyn,m,5,,
20240522_3,sNOy,u,,,
20240522_4,sYNag,u,,,
20240522_4,iMy,m,5,,
20240522_4,sRBaba,u,,,
20240522_4,sRWao,u,,,
20240522_4,sAWgr,u,,,
20240522_4,sWBWgb,m,5,,
20240522_4,pWByn,f,,,
20240522_4,,m,5,"written lGNw but likely to be a mistake, can't tell which one. Written by FH",
20240522_5,zAwo,m,5,,
20240522_5,jBRb,f,,,
20240522_5,sBbwb,u,,,
20240522_5,jMrw,m,5,,
20240522_5,iWq,m,5,,
20240522_5,sWa,m,5,,
20240522_5,sGn,m,5,,
20240522_5,GBB,f,,,
20240522_5,jBn,m,5,,
20240522_5,sMag,m,5,,
20240522_5,pBGrb,f,,,
20240522_5,sOo,m,5,,
20240522_5,iNyb,m,5,,
20240522_5,cOnr,m,5,,
20240522_5,uGwg,m,5,,
20240522_5,uYwg,m,5,,
20240522_5,sNOy,u,,,
20240522_6,pObo,m,5,,
20240522_6,pYNYba,m,5,,
20240522_7,lWArg,m,5,,
20240522_7,zWbr,m,5,,
20240522_7,jWRn,f,,,
20240522_7,zYwo,f,,,
20240525_1,uGwg,m,5,,
20240525_1,sWBwr,u,,,
20240525_1,iMy,m,5,,
20240525_1,sRWao,u,,,
20240525_1,sRNnr,m,5,,
20240525_1,uOq,m,5,,
20240525_2,cNb,m,5,,
20240525_2,pWbo,m,5,,
20240525_2,uYwg,m,5,,
20240525_2,sRNwn,f,,,
20240525_2,hBna,m,5,,
20240525_3,pYNYba,m,5,,
20240525_3,pObo,m,5,,
20240525_3,sBYg,m,5,,
20240525_3,sYnr,m,5,,
20240525_3,sWrb,u,,,
20240525_3,sGNrb,u,,,
20240525_3,pWbo,m,5,,
20240525_4,lWArg,m,5,,
20240525_4,zYwo,f,,,
20240525_4,zWbr,m,5,,
20240525_5,jBrn,m,5,,
20240525_6,sRGn,m,5,,
20240525_6,iOyn,m,4.5,,
20240525_6,pRWob,m,5,,
20240525_6,cMq,m,5,,
20240525_7,lYRbo,m,5,,
20240525_7,sBGro,u,,,
20240525_7,pWByn,f,,,
20240525_7,cWbg,f,,,
20240525_7,jBRb,f,,,
20240525_7,zAwo,m,5,,
20240525_7,sAq,f,,,
20240525_7,cMy,m,5,,
20240525_7,iWq,m,5,,
20240525_7,jMrw,m,5,,
20240525_7,sOrbr,m,5,,
20240525_7,sWa,m,5,,
20240525_8,sGn,m,5,,
20240525_8,sOo,m,5,,
20240525_8,cOnr,m,5,,
20240525_8,pBGrb,f,,,
20240525_8,sMag,m,5,,
20240525_8,GBB,f,,,
20240525_8,iNyb,m,5,,
20240525_8,sARgw,m,5,no tail,
20240525_8,jWRna,f,,,
20240525_8,zWBWwg,m,5,,
20240525_8,jBn,m,5,,
20240525_8,jBbg,m,5,,
20240525_8,jMna,m,5,,
20240525_9,pANg,m,5,,
20240525_9,pBYrb,f,,,
20240525_9,uNyby,m,5,,
20240525_9,sAg,f,,,
20240525_9,zBYBor,m,5,,
20240525_9,sMra,m,5,,
20240525_10,zOWOgn,m,5,,
20240525_10,jGyr,f,,,
20240525_10,pBYyn,m,5,,
20240525_10,pWRbo,m,5,,
20240529_1,pANm,m,5,,
20240529_1,sARgw,m,5,no tail,
20240529_1,sMow,m,5,,
20240529_2,jMna,m,5,,
20240529_2,zWBWwg,m,5,dark eyelashes very marked,
20240529_2,jBbg,m,5,,
20240529_2,jWRna,f,,,
20240529_2,sARgw,m,5,no tail,
20240529_2,sMow,m,5,,
20240529_2,pANm,m,5,,
20240529_3,jBn,m,5,,
20240529_3,sMag,m,5,,
20240529_3,GBB,f,,,
20240529_3,cBar,m,5,,
20240529_4,jWRna,f,,,
20240529_4,sOo,m,5,,
20240529_4,jBn,m,5,,
20240529_4,iNyb,m,5,,
20240529_4,pBGrb,f,,,
20240529_4,GBB,f,,,
20240529_5,sRBaba,u,,,
20240529_5,sWBWgb,m,5,,
20240529_5,sAWgr,u,,,
20240529_5,iMy,m,5,,
20240529_5,cGRb,m,5,,
20240529_5,pObo,m,5,,
20240529_5,pWByn,f,,,
20240529_5,pYNYba,m,5,,
20240529_5,sYRyr,u,,,
20240529_5,sBYg,m,5,,
20240529_5,sNOy,u,,,
20240529_5,uOq,m,5,,
20240529_5,sRNnr,m,5,,
20240529_5,uBry,m,5,,
20240529_6,hBna,m,5,,
20240529_6,uYwg,m,5,,
20240529_6,uGwg,m,5,,
20240529_6,sRNwn,f,,,
20240529_6,sWBwr,u,,,
20240529_6,cNb,m,5,,
20240529_6,pWRWm,m,5,,
20240529_6,pWbo,m,5,,
20240529_6,sWrb,u,,,
20240529_6,sBYg,m,5,,
20240529_6,sGNrb,u,,,
20240529_7,jWRn,f,,,
20240529_7,jBRao,m,5,,
20240529_7,uBba,m,5,,
20240529_7,jYny,m,5,,
20240529_8,zWbr,m,5,,
20240529_8,zYwo,f,,,
20240529_8,jWRn,f,,,
20240529_8,uBba,m,5,,
20240529_8,jBRao,m,5,,
20240529_8,jYny,m,5,,
20240529_9,pBYyn,m,5,,
20240529_9,jGyr,f,,,
20240529_9,pWRbo,m,5,,
20240529_9,cBar,m,5,,
20240529_9,zOWOgn,m,5,,
20240601_1,fNo,m,5,,
20240601_1,sNOy,u,,,
20240601_1,cBar,m,5,,
20240601_2,iONr,m,5,,
20240601_2,uNyby,m,5,,
20240601_2,pANg,m,5,,
20240601_2,pBYrb,f,,,
20240601_3,jMna,m,5,,
20240601_3,jWRna,f,,,
20240601_3,zWBWwg,m,5,,
20240601_3,jBbg,m,5,,
20240601_3,sARgw,m,5,no tail,
20240601_4,jMrw,m,5,,
20240601_4,sWa,m,5,,
20240601_4,sBbwb,u,,,
20240601_4,jBRb,f,,,
20240601_4,zAwo,m,5,,
20240601_4,iWq,m,5,,
20240601_5,sYyby,m,5,,
20240601_5,cWbg,f,,,
20240601_5,lYRbo,m,5,,
20240601_5,sAq,f,,,
20240601_5,sYNr,u,,,
20240601_5,cMy,m,5,,
20240601_5,sRWow,m,5,,
20240601_5,sOrbr,m,5,,
20240601_5,jBRb,f,,,
20240601_5,sWa,m,5,,
20240601_5,hBr,f,,,
20240601_5,sBGro,u,,,
20240601_5,sYRyr,u,,,
20240601_5,sRWao,u,,,
20240601_5,sAWgr,u,,,
20240608_1,cBar,m,5,,
20240608_1,sNOy,u,,,
20240608_1,fNo,m,5,,
20240608_1,pWRbo,m,5,,
20240608_2,sNOw,u,,"no tail, only 2 feathers",
20240608_2,sNOy,u,,,
20240608_2,sARgw,m,5,tail growing (~ 1 cm),
20240608_2,zWBWwg,m,5,,
20240608_2,jBbg,m,5,,
20240608_2,jMna,m,5,,
20240608_2,jWRna,f,,,
20240608_3,pBGrb,f,,,
20240608_3,GBB,f,,,
20240608_3,jBn,m,5,,
20240608_3,iNyb,m,5,eyelashes,
20240608_3,cOnr,m,5,,
20240608_3,sMag,m,5,,
20240608_3,sGn,m,5,,
20240608_4,cMy,m,5,,
20240608_4,lYRbo,m,5,,
20240608_4,sYyby,m,5,,
20240608_4,sAq,f,,,
20240608_4,sYNr,u,,,
20240608_4,sYRyr,u,,,
20240608_4,sAWgr,u,,,
20240608_4,sOrbr,m,,,
20240608_4,jBRb,f,,,
20240608_4,sBbwb,u,,,
20240608_4,sRWow,m,5,,
20240608_4,iMy,m,5,,
20240608_4,cWbg,f,,,
20240608_4,pWByn,f,,,
20240608_4,sWBwr,u,,,
20240608_4,jMrw,m,5,,
20240608_4,zAwo,m,5,,
20240608_4,sWa,m,5,,
20240608_4,iWq,m,5,,
20240608_5,pRWob,m,5,,
20240608_6,jBrn,m,5,,
20240608_6,sGgr,u,,,
20240608_7,uBba,m,5,,
20240608_7,jBRao,m,5,,
20240608_7,jWRn,f,,,
20240608_7,lWArg,m,5,,
20240608_7,zOob,f,,,
20240608_7,sNwr,m,5,1 m feather growing,
20240608_7,zYwo,f,,,
20240608_7,zWbr,m,5,,
20240608_8,pWbo,m,5,,
20240608_8,pObo,m,5,,
20240608_8,sWow,m,5,,
20240608_8,sRGra,u,,,
20240608_8,sBq,m,5,,
20240608_8,pYNYba,m,5,,
20240608_8,sBYg,m,5,,
20240608_8,sWrb,u,,,
20240608_8,sGNrb,u,,,
20240608_9,hBy,m,5,,
20240608_9,sMow,m,5,,
20240608_9,sYNn,u,,,
20240608_9,jBbwb,m,5,,
20240608_9,pNaba,m,5,,
20240608_9,cMra,f,,,
20240608_9,sYw,m,5,,
20240608_9,uNyby,m,5,,
20240608_9,lNOn,f,,,
20240608_9,iONr,m,5,,
20240608_9,pANg,m,5,,
20240608_9,pBYrb,f,,,
20240610_1,sWBwr,u,,,
20240610_1,uBry,m,5,,
20240610_1,sBYg,m,5,,
20240610_1,sRNnr,m,5,,
20240610_1,sWMq,m,5,,
20240610_1,sWow,m,5,,
20240610_1,pObo,m,5,,
20240610_1,sGgr,u,,,
20240610_1,sGNrb,m,5,,
20240610_1,sNOw,u,,no tail,
20240610_1,sBq,m,5,,
20240610_1,sWrb,u,,,
20240610_1,jBrn,m,5,,
20240610_1,sRGra,u,,,
20240610_1,sOag,u,,,
20240610_1,sYnr,u,,,
20240610_1,sYRyr,u,,,
20240610_1,hBna,m,5,,
20240610_1,cNb,m,5,,
20240610_1,pYNYba,m,5,,
20240610_1,uYwg,m,5,,
20240610_1,uGwg,m,5,,
20240610_1,uOq,m,5,,
20240610_1,sNOy,u,,,
20240610_1,pWbo,m,5,,
20240610_1,sARow,m,5,,
20240610_2,iMy,m,5,,
20240610_2,sWa,m,5,,
20240610_2,sAWgr,u,,,
20240610_2,sRWao,u,,,
20240610_2,cMy,m,5,,
20240610_2,cGRb,m,5,,
20240610_2,pWByn,f,,,
20240610_2,sRBaba,u,,,
20240610_2,sWBWgb,m,5,,
20240610_2,iWq,m,5,,
20240610_2,zAwo,m,5,,
20240610_2,jBRb,f,,,
20240610_2,sBbwb,u,,,
20240610_2,lYRbo,m,5,,
20240610_2,sAq,f,,,
20240610_2,sOrbr,m,5,,
20240610_2,sRWow,m,5,,
20240610_2,pBGrb,f,,,
20240610_2,cOnr,m,5,,
20240610_2,iNyb,m,5,,
20240610_2,jBn,m,5,,
20240610_2,cWbg,f,,,
20240610_2,sOo,m,5,,
20240610_2,sGn,m,5,,
20240610_2,sMag,m,5,,
20240610_2,GBB,f,,,
20240610_2,sANnw,u,,,
20240610_3,jBRao,m,5,,
20240610_3,zWbr,m,5,,
20240610_3,sNwr,m,5,,
20240610_3,zYwo,f,,,
20240610_3,lWArg,m,5,,
20240610_3,jWRn,f,,,
20240610_4,sMow,m,5,,
20240610_4,pNaba,m,5,,
20240610_4,sYNn,u,,,
20240610_4,pANm,m,5,,
20240610_4,sYw,m,5,,
20240610_4,jBbwb,m,5,,
20240610_4,sGa,m,5,,
20240610_4,cMra,f,,,
20240610_4,sARgw,m,5,tail growing,
20240610_4,jWRna,f,,,
20240610_4,jMna,m,5,,
20240610_4,jBbg,m,5,,
20240610_4,zWBWwg,m,5,,
20240613_1,cMra,f,,,
20240613_1,jBn,m,5,,
20240613_1,jBbwb,m,5,,
20240613_1,sYNn,u,,,
20240613_1,cOnr,m,5,,
20240613_1,hBy,m,5,,
20240613_1,sGa,m,5,,
20240613_1,sYw,m,5,,
20240613_1,pNaba,m,5,,
20240613_1,pANm,m,5,,
20240613_1,sMow,m,5,,
20240613_1,jMna,m,5,,
20240613_1,jBbg,m,5,,
20240613_1,jWRna,f,,,
20240613_1,sMag,m,5,,
20240613_1,zWBWwg,m,5,,
20240613_1,GBB,f,,,
20240613_1,iNyb,m,5,,
20240613_1,sOo,m,5,,
20240613_1,pBGrb,f,,,
20240613_2,hBna,m,5,,
20240613_2,sBYg,m,5,,
20240613_2,sWMq,m,5,,
20240613_2,sYRo,m,5,,
20240613_2,uYwg,m,5,,
20240613_2,cNb,m,5,,
20240613_2,sRNwn,f,,,
20240613_2,sWrb,u,,,
20240613_2,sYnr,m,5,,
20240613_2,pWbo,m,5,,
20240613_3,jBrn,m,5,,
20240613_3,sBq,m,5,,
20240613_3,sRGra,u,,,
20240613_3,sOag,u,,,
20240613_3,pObo,m,5,,
20240613_3,pYNYba,m,5,,
20240613_3,sYRyr,u,,,
20240613_4,sRGn,m,5,,
20240613_4,pRWob,m,5,,
20240613_5,zAwo,m,5,,
20240613_5,jMrw,m,5,,
20240613_5,jBRb,f,,,
20240613_5,sWa,m,5,,
20240613_5,iWq,m,5,,
20240613_5,sBbwb,m,5,,
20240613_6,lYRbo,m,5,,
20240613_6,sYNr,u,,,
20240613_6,cMy,m,5,,
20240613_6,cWbg,f,,,
20240613_6,sRGow,u,,,
20240613_6,sYyby,m,5,,
20240613_6,sOrbr,m,5,,
20240613_6,sAq,f,,,
20240613_7,jGyr,f,,,
20240613_7,cBar,m,5,,
20240613_7,pWRbo,m,5,,
20240613_7,fNo,m,5,,
20240613_7,pBYyn,m,5,,
20240613_7,zOWOgn,m,5,,
20240615_1,sNOw,u,,tail with two feathers,
20240615_1,sNOy,u,,,
20240615_1,cNb,m,5,,
20240615_1,uBry,m,5,,
20240615_1,hBna,m,5,,
20240615_1,zOWOgn,m,5,,
20240615_1,cBar,m,5,,
20240615_1,fNo,m,5,,
20240615_1,cOnr,m,5,,
20240615_1,iNyb,m,5,,
20240615_1,sOo,m,5,,
20240615_1,sBq,m,5,,
20240615_1,pYNYba,m,5,,
20240615_1,sYRyr,u,,,
20240615_1,jBrn,m,5,,
20240615_1,pObo,m,5,,
20240615_1,sOag,u,,,
20240615_1,sWow,m,5,,
20240615_1,sRGra,u,,,
20240615_1,sRNnr,m,5,,
20240615_1,sWBwr,u,,,
20240615_1,sARow,m,5,,
20240615_1,uGwg,m,5,,
20240615_1,uYwg,m,5,,
20240615_1,uOq,m,5,,
20240615_2,sYNr,u,,,
20240615_2,sOrbr,m,5,,
20240615_2,sRGow,u,,,
20240615_2,sAq,f,,,
20240615_2,lYRbo,m,5,,
20240615_2,cMy,m,5,,
20240615_2,sYyby,m,5,,
20240615_2,cWbg,f,,,
20240615_2,jBRb,f,,,
20240615_2,sBbwb,u,,,
20240615_2,sWa,m,5,,
20240615_2,iMyb,m,5,no darvic M,
20240615_2,iWq,m,5,,
20240615_2,zAwo,m,5,,
20240615_2,jMrw,m,5,,
20240615_3,pANm,m,5,,
20240615_3,pNaba,m,5,,
20240615_3,sYw,m,5,,
20240615_3,cMra,f,,,
20240615_3,hBy,m,5,,
20240615_3,jBbg,m,5,,
20240615_3,jWRna,f,,,
20240615_3,zWBWwg,m,5,,
20240615_3,sARgw,m,5,tail growing,
20240615_3,jMna,m,5,,
20240619_1,sNOy,u,,,
20240619_1,sBYg,m,5,,
20240619_1,sRNnr,m,5,,
20240619_1,sWBwr,u,,,
20240619_1,sWMq,m,5,,
20240619_1,sYRyr,u,,,
20240619_1,sOag,u,,,
20240619_1,sBq,m,5,,
20240619_1,sWow,m,5,,
20240619_1,uOq,m,5,,
20240619_1,cNb,m,5,,
20240619_1,hBna,m,5,,
20240619_1,sRWao,u,,,
20240619_1,sNOan,u,,,
20240619_1,cGRb,m,5,,
20240619_2,cNb,m,5,,
20240619_2,hBna,m,5,,
20240619_2,sWMq,m,5,,
20240619_2,sBq,m,5,,
20240619_2,sNOy,u,,,
20240619_2,uOq,m,5,,
20240619_2,uYwg,m,5,,
20240619_2,uGwg,m,5,,
20240619_2,sARow,m,5,,
20240619_2,uBry,m,5,,
20240619_2,sYnr,m,5,,
20240619_2,sRNnr,m,5,,
20240619_2,sWBwr,u,,,
20240619_2,sBYg,m,5,,
20240620_1,cBar,m,5,,
20240620_1,fNo,m,5,,
20240620_1,sARow,m,5,,
20240620_1,uGwg,m,5,,
20240620_2,sAWgr,u,,,
20240620_2,sRBaba,u,,,
20240620_2,jBrn,m,5,,
20240620_2,pObo,m,5,,
20240620_2,sBq,m,5,,
20240620_2,pYNYba,m,5,,
20240620_2,cGRb,m,5,,
20240620_2,pWByn,f,,,
20240620_2,sRWao,u,,,
20240620_2,fNo,m,5,,
20240620_2,cNb,m,5,,
20240620_2,hBna,m,5,,
20240620_2,iMy,m,5,,
20240620_2,sNOan,u,,,
20240620_2,cWbg,f,,,
20240620_2,lYRbo,m,5,,
20240620_2,sBGro,u,,,
20240620_2,sYyby,m,5,,
20240620_3,hBy,m,5,,
20240620_3,pNaba,m,5,,
20240620_4,sYw,m,5,,
20240620_4,sYNn,u,,,
20240620_4,sMow,m,5,,
20240620_4,cMra,f,,,
20240620_4,jBbwb,m,5,,
20240620_5,jWRna,f,,,
20240620_5,cOnr,m,5,,
20240620_5,pBYyn,m,5,,
20240620_5,fNo,m,5,,
20240620_5,jBn,m,5,,
20240620_5,pBGrb,f,,,
20240620_5,GBB,f,,,
20240620_5,iNyb,m,4.5,,
20240620_5,sARgw,m,5,Half tail,
20240620_5,sGn,m,5,,
20240620_5,jBbg,m,5,,
20240620_5,jMna,m,5,,
20240620_6,zAwo,m,5,,
20240620_6,iMyb,m,5,no darvic M,
20240620_6,jMrw,m,5,,
20240620_6,iWq,m,5,,
20240620_6,sYNn,u,,,
20240620_6,sWa,m,5,,
20240620_6,jBRb,f,,,
20240625_1,sWBWgb,m,5,,
20240625_1,sRBaba,u,,,
20240625_1,pWByn,f,,,
20240625_1,sNOan,u,,,
20240625_1,sRWow,m,5,,
20240625_1,sOrbr,m,5,,
20240625_1,cWbg,f,,,
20240625_1,sBGro,u,,,
20240625_2,lYRbo,m,5,,
20240625_2,sOrbr,m,5,,
20240625_2,cMy,m,5,,
20240625_2,sYNr,u,,,
20240625_2,sYyby,m,5,,
20240625_2,sYNn,u,,,
20240625_3,iWq,m,5,,
20240625_3,zAwo,m,5,,
20240625_3,jMrw,m,5,,
20240625_3,jBRb,f,,,
20240625_3,sBbwb,u,,,
20240625_3,sWa,m,5,,
20240625_4,sMag,m,5,,
20240625_4,sGn,m,5,,
20240625_4,iNyb,m,4.5,,
20240625_4,jBn,m,5,,
20240625_4,pBGrb,f,,,
20240625_4,jBbg,m,5,,
20240625_4,sOo,m,5,,
20240625_4,cOnr,m,5,,
20240625_4,GBB,f,,,
20240625_5,sGa,m,5,,
20240625_5,jBbwb,m,5,,
20240625_5,pANm,m,5,,
20240625_5,cMra,f,,,
20240625_5,sYNn,u,,,
20240625_5,hBy,m,5,,
20240625_5,sMow,m,5,,
20240625_5,pNaba,m,5,,
20240625_6,zYwo,f,,,
20240625_6,zOob,f,,,
20240625_6,zWbr,m,5,,
20240625_6,lWArg,m,5,,
20240627_1,jBbwb,m,5,,
20240627_1,cMra,f,,,
20240627_1,hBy,m,5,,
20240627_1,sYNn,u,,,
20240627_1,sYw,m,5,,
20240627_1,sGa,m,5,,
20240627_1,pANm,m,5,,
20240627_1,sMow,m,5,,
20240627_1,pNaba,m,5,,
20240627_2,pBYyn,m,5,,
20240627_2,pWRbo,m,5,,
20240627_2,jGyr,f,,,
20240627_3,pObo,m,5,,
20240627_3,sWow,m,5,,
20240627_3,sWMq,m,5,,
20240627_3,uYwg,m,5,,
20240627_3,sYRo,m,5,,
20240627_3,sWrb,u,,,
20240627_3,cNb,m,5,,
20240627_3,sRNnr,m,5,,
20240627_3,sYnr,m,5,,
20240627_3,uGwg,m,5,,
20240627_3,sOag,u,,,
20240627_3,sRGra,u,,,
20240627_3,jBrn,m,5,,
20240627_3,hBna,m,5,,
20240627_3,sWBwr,u,,,
20240627_3,pWbo,m,5,,
20240627_3,uBry,m,5,,
20240627_3,uOq,m,5,,
20240627_3,sARow,m,5,,
20240627_3,fNo,m,5,,
20240627_3,cBar,m,5,,
20240627_3,zOWOgn,m,5,,
20240627_3,sBq,m,5,,
20240627_3,sYRyr,u,,,
20240627_3,pYNYba,m,5,,
20240627_4,jWRna,f,,,
20240627_4,pBGrb,f,,,
20240627_4,jBn,m,5,,
20240627_4,iNyb,m,4.5,,
20240627_4,GBB,f,,,
20240627_4,fNo,m,5,,
20240627_4,sGn,m,5,,
20240627_4,cOnr,m,5,,
20240627_4,sMag,m,5,,
20240627_4,sOo,m,5,,
20240627_5,jBbg,m,5,,
20240627_5,jMna,m,5,,
20240627_5,jWRna,f,,,
20240627_5,zWBWwg,m,5,,
20240627_6,jMrw,m,5,,
20240627_6,sWa,m,5,,
20240627_6,jBRb,f,,,
20240627_6,iWq,m,5,,
20240627_6,sBbwb,u,,,
20240627_7,sRy,f,,,
20240627_7,lNWn,m,5,,
20240627_8,pWbo,m,5,,
20240627_8,sWMq,m,5,,
20240627_8,sBYg,m,5,,
20240627_8,sYnr,m,5,,
20240627_9,zWbr,m,5,,
20240627_9,sNwr,m,5,,
20240627_9,zYwo,f,,,
20240627_9,lWArg,m,5,,
20240627_9,lGNw,m,5,,
20240627_9,iGBao,f,,,
20240627_9,zOob,f,,,
20240627_9,pOWOoa,m,5,,
20240628_1,zBYBor,m,5,,
20240628_1,sAg,f,,,
20240628_1,sMra,m,5,,
20240628_1,cOaba,m,5,,
20240628_2,sMow,m,5,,
20240628_2,cMra,f,,,
20240628_2,hBy,m,5,,
20240628_2,jBbwb,m,5,,
20240628_2,sYNn,u,,,
20240628_2,sYw,m,5,,
20240628_2,pANm,m,5,,
20240628_2,sGa,m,5,,
20240628_2,pNaba,m,5,,
20240628_3,jGyr,f,,,
20240628_3,pBYyn,m,5,,
20240628_3,pWRbo,m,5,,
20240628_4,pWbo,m,5,,
20240628_4,sWrb,u,,,
20240628_4,sRNnr,m,5,,
20240628_4,sWMq,m,5,,
20240628_4,sBYg,m,5,,
20240628_4,uOq,m,5,,
20240628_4,cBar,m,5,,
20240628_4,zOWOgn,m,5,,
20240628_4,fNo,m,5,,
20240628_4,cNb,m,5,,
20240628_4,hBna,m,5,,
20240628_4,uYwg,m,5,,
20240628_4,uBry,m,5,,
20240628_4,sYRo,m,5,,
20240628_4,sWBwr,u,,,
20240628_4,sYnr,m,5,,
20240628_5,pObo,m,5,,
20240628_5,pYNYba,m,5,,
20240628_5,jBrn,m,5,,
20240628_5,sBq,m,5,,
20240628_5,sRGra,u,,,
20240628_5,sOag,u,,,
20240628_5,sWow,m,5,,
20240628_5,sGgr,u,,,
20240628_5,sYRyr,u,,,
20240628_6,sRBaba,u,,,
20240628_6,iMy,m,5,,
20240628_6,sNOan,u,,,
20240628_6,sYyby,m,5,,
20240628_6,sWBWgb,m,5,,
20240628_6,pWByn,f,,,
20240628_6,sRGow,u,,,
20240628_6,sOag,u,,,
20240628_6,sWrb,u,,,
20240628_6,sYRyr,u,,,
20240628_6,jBrn,m,5,,
20240628_6,pObo,m,5,,
20240628_6,sGgr,u,,,
20240628_6,cGRb,m,5,,
20240628_6,pYNYba,m,5,,
20240628_6,pRWob,m,5,,
20240628_6,sAWgr,u,,,
20240628_7,cWbg,f,,,
20240628_7,sAq,f,,,
20240628_7,sYyby,m,5,,
20240628_7,lYRbo,m,5,,
20240628_7,sOrbr,m,5,,
20240628_8,iOyn,m,4,,
20240628_9,GBB,f,,,
20240628_9,pBGrb,f,,,
20240628_9,jBn,m,5,,
20240628_9,cOnr,m,5,,
20240628_9,iNyb,m,4.5,,
20240628_9,sGn,m,5,,
20240628_9,sMag,m,5,,
20240628_9,sOo,m,5,,
20240629_1,cOnr,m,5,,
20240629_1,GBB,f,,,
20240629_1,jBn,m,5,,
20240629_1,iNyb,m,5,,
20240629_2,sWMq,m,5,,
20240629_2,sOag,u,,,
20240629_2,sWow,m,5,,
20240629_2,uYwg,m,5,,
20240629_2,pYNYba,m,5,,
20240629_2,jBrn,m,5,,
20240629_2,sGgr,u,,,
20240629_2,pObo,m,5,,
20240629_2,sBq,m,5,,
20240629_2,sRGra,u,,,
20240629_2,sYRyr,u,,,
20240629_3,iWq,m,5,,
20240629_3,jBRb,f,,,
20240629_3,sBbwb,u,,,
20240629_3,sWa,m,5,,
20240629_3,jMrw,m,5,,
20240629_3,pBGrb,f,,,
20240629_3,pWByn,f,,,
20240629_3,sRBaba,u,,,
20240629_4,pBGrb,f,,,
20240629_4,sOo,m,5,,
20240629_4,pYNYba,m,5,,
20240629_4,iMy,m,5,,
20240629_4,sYRyr,u,,,
20240629_4,jBrn,m,5,,
20240629_4,sGn,m,5,,
20240629_4,cGRb,m,5,,
20240629_4,sGgr,u,,,
20240629_4,sMag,m,5,,
20240629_4,sOag,u,,,
20240629_4,sWow,m,5,,
20240629_4,sBq,m,5,,
20240629_4,sWBWgb,m,5,,
20240629_4,sRBaba,u,,,
20240629_4,sWa,m,5,,
20240629_4,sBbwb,u,,,
20240629_4,iWq,m,5,,
20240629_4,jMrw,m,5,,
20240629_4,jBn,m,5,,
20240629_4,jMna,m,5,,
20240629_4,jBRb,f,,,
20240629_4,GBB,f,,,
20240629_4,iNyb,m,4.5,,
20240629_4,cOnr,m,5,,
20240629_4,cWbg,f,,,
20240629_4,sOrbr,m,5,,
20240629_4,sAq,f,,,
20240629_4,lYRbo,m,5,,
20240629_5,cNb,m,5,,
20240629_5,uYwg,m,5,,
20240629_5,uGwg,m,5,,
20240629_5,sYRo,m,5,,
20240629_5,sRNnr,m,5,,
20240629_5,hBna,m,5,,
20240629_5,sWBwr,u,,,
20240629_5,sWow,m,5,,
20240629_5,sRGra,u,,,
20240629_5,sGgr,u,,,
20240629_5,sYRyr,u,,,
20240629_5,pObo,m,5,,
20240629_5,iMy,m,5,,
20240629_5,sOag,u,,,
20240629_5,sBq,m,5,,
20240629_5,jBrn,m,5,,
20240629_5,pYNYba,m,5,,
20240629_5,fNo,m,5,,
20240629_5,zOWOgn,m,5,,
20240629_5,cBar,m,5,,
20240629_5,sWMq,m,5,,
20240629_5,uBry,m,5,,
20240629_5,sYnr,m,5,,
20240629_5,sBYg,m,5,,
20240629_5,sWrb,u,,,
20240629_5,pWbo,m,5,,
20240629_6,sMow,m,5,,
20240629_6,hBy,m,5,,
20240629_6,pANm,m,5,,
20240629_6,zWBWwg,m,5,,
20240629_6,jMna,m,5,,
20240629_6,sGa,m,5,,
20240629_6,sYw,m,5,,
20240629_6,cMra,f,,,
20240629_6,jBbwb,m,5,,
20240629_6,sYNn,u,,,
20240705_1,sBbwb,u,,,
20240705_1,jMrw,m,5,,
20240705_1,jBRb,f,,,
20240705_1,sWa,m,5,,
20240705_1,iWq,m,5,,
20240705_2,sOo,m,5,,
20240705_2,jBn,m,5,,
20240705_2,sGn,m,5,,
20240705_2,pBGrb,f,,,
20240705_2,sMag,m,5,,
20240705_3,jWRna,f,,,
20240705_3,zWBWwg,m,5,,
20240705_3,jMna,m,5,,
20240705_3,jBn,m,5,,
20240705_3,sOo,m,5,,
20240705_3,sMag,m,5,,
20240705_3,sGn,m,5,,
20240705_3,pBGrb,f,,,
20240705_3,sGn,m,5,,
20240705_4,cOnr,m,5,,
20240705_4,pBGrb,f,,,
20240705_4,jBn,m,5,,
20240705_4,sMag,m,5,,
20240705_4,sOo,m,5,,
20240705_4,sGn,m,5,,
20240705_4,GBB,f,,,
20240705_5,cGRb,m,5,,
20240705_5,sWBWgb,m,5,,
20240705_5,pWByn,f,,,
20240705_5,pRWob,m,5,,
20240705_6,jBrn,m,5,,
20240705_6,sGgr,u,,,
20240705_6,sOag,u,,,
20240705_6,iMy,m,5,,
20240705_6,sAWgr,u,,,
20240705_6,pYNYba,m,5,,
20240705_6,pObo,m,5,,
20240705_7,pWbo,m,5,,
20240705_7,sBYg,m,5,,
20240705_7,sWMq,m,5,,
20240705_7,sYnr,m,5,one tail feather,
20240705_7,sWrb,u,,,
20240705_8,uOq,m,5,,
20240705_8,sRNnr,m,5,,
20240705_8,uGwg,m,5,,
20240705_8,sARow,m,5,,
20240705_8,uYwg,m,5,,
20240705_8,cNb,m,5,,
20240705_8,hBna,m,5,,
20240705_8,sYRo,m,5,,
20240705_9,sMow,m,5,,
20240705_9,hBy,m,5,,
20240705_9,sYw,m,5,,
20240705_9,pANm,m,5,,
20240705_9,sGa,m,5,,
20240705_9,jBbwb,m,5,,
20240705_9,cMra,f,,,
20240707_1,zWBWwg,m,5,,
20240707_1,jWRna,f,,,
20240707_1,jMna,m,5,Eats in dumping truck (construction site),
20240707_2,iNyb,m,4.5,,
20240707_2,cOnr,m,5,,
20240707_2,pBGrb,f,,,
20240707_2,sGn,m,5,,
20240707_2,GBB,f,,,
20240707_2,jBn,m,5,,
20240707_3,iWq,m,5,,
20240707_3,sWa,m,5,often on trees,
20240707_3,jBRb,f,,,
20240707_3,jMrw,m,5,,
20240707_3,sYNr,u,,,
20240707_4,pRWob,m,5,,
20240707_5,cGRb,m,5,,
20240707_5,sRBaba,u,,,
20240707_5,sOo,m,5,,
20240707_5,GBB,f,,,
20240707_5,pWByn,f,,,
20240707_6,iMy,m,5,,
20240707_6,sAWgr,u,,,
20240707_6,jBrn,m,5,,
20240707_6,sGgr,u,,,
20240707_6,sOag,u,,,
20240707_6,sWow,m,5,,
20240707_6,pObo,m,5,,
20240707_6,pYNYba,m,5,,
20240707_6,sRGra,u,,,
20240707_7,sWMq,m,5,,
20240707_7,pWbo,m,5,,
20240707_7,sBYg,m,5,,
20240707_7,sWrb,u,,,
20240707_8,cBar,m,5,,
20240707_8,uGwg,m,5,,
20240707_8,sARow,m,5,,
20240707_8,sRNnr,m,5,,
20240707_8,uOq,m,5,,
20240708_1,cBar,m,5,singing,
20240708_1,fNo,m,5,,
20240708_2,pBYyn,m,5,,
20240708_2,jGyr,f,,,
20240708_2,pWRbo,m,5,,
20240708_3,iNyb,m,4.5,,
20240708_3,GBB,f,,,
20240708_3,sMag,m,5,,
20240708_3,sGn,m,5,,
20240708_3,jBn,m,5,,
20240708_3,sOo,m,5,,
20240708_3,pBGrb,f,,,
20240708_3,cOnr,m,5,,
20240708_4,jMrw,m,5,,
20240708_4,iWq,m,5,,
20240708_4,jBRb,f,,,
20240708_4,sWa,m,5,,
20240708_4,sBbwb,m,5,,
20240708_5,lYRbo,m,5,,
20240708_5,sAq,f,,,
20240708_5,sYyby,m,5,,
20240708_5,cWbg,f,,,
20240708_5,sYNr,u,,,
20240708_6,sAWgr,u,,,
20240708_6,iMy,m,5,,
20240708_6,pObo,m,5,,
20240708_6,sOag,u,,,
20240708_6,pYNYba,m,5,,
20240708_6,sRGra,u,,,
20240708_7,lWArg,m,5,,
20240708_7,zWbr,m,5,,
20240708_7,zYwo,f,,,
20240708_7,sNwr,m,5,,
20240708_8,sYnr,m,5,,
20240708_8,sWrb,u,,,
20240708_8,sBYg,m,5,,
20240708_8,pWbo,m,5,,
20240708_8,sWMq,m,5,,
20240708_9,cMra,f,,,
20240708_9,sYw,m,5,,
20240708_9,pANm,m,5,,
20240708_9,hBy,m,5,,
20240708_9,sMow,m,5,,
20240708_9,sGa,m,5,,
20240708_9,jBbwb,m,5,,
20240710_1,hBy,m,5,,
20240710_1,pANm,m,5,,
20240710_1,sGa,m,5,always on trees,
20240710_1,jBbwb,m,5,,
20240710_1,sMow,m,5,,
20240710_1,pNaba,m,5,,
20240710_1,sYw,u,,,
20240710_1,zWBWwg,m,5,,
20240710_1,cMra,f,,,
20240710_1,jMna,m,4.5,blue on eyebrows,
20240710_1,jWRna,f,,,
20240710_2,iWq,m,5,,
20240710_2,sBbwb,u,,,
20240710_2,jMrw,m,5,,
20240710_2,jBRb,f,,,
20240710_2,sWa,m,5,,
20240710_2,sAq,f,,,
20240710_2,cWbg,f,,,
20240710_2,sOrbr,m,5,,
20240710_2,sYyby,m,5,,
20240710_2,cMy,m,5,,
20240710_2,sYNr,u,,,
20240710_2,lYRbo,m,5,,
20240710_3,pRWob,m,5,,
20240710_4,sOag,u,,,
20240710_4,sRGra,u,,,
20240710_4,pYNYba,m,5,,
20240710_4,sWow,m,5,,
20240710_4,pObo,m,5,,
20240710_5,hBna,m,5,,
20240710_5,uOq,m,5,,
20240710_5,sARow,m,5,,
20240710_5,sRNnr,m,5,,
20240710_5,uYwg,m,5,,
20240710_5,sWBwr,m,5,single tail feather,
20240710_5,uGwg,m,5,,
20240710_5,cNb,m,5,,
20240710_5,sYRo,m,5,,
20240710_5,sBYg,m,5,,
20240710_6,GBB,f,,,
20240710_6,cOnr,m,5,,
20240710_6,iNyb,m,4.5,,
20240710_6,jBn,m,5,,
20240710_6,pBGrb,f,,,
20240710_6,sGn,m,5,,
20240710_6,sOo,m,5,,
20240710_6,sMag,m,5,,
20240710_7,cBar,m,5,,
20240710_7,fNo,m,5,,
20240710_8,pWRbo,m,5,,
20240710_8,jGyr,f,,,
20240710_8,pBYyn,m,5,,
20240710_8,zOWOgn,m,5,,
20240712_1,sRNnr,m,5,,
20240712_1,uGwg,m,5,,
20240712_1,sARow,m,5,,
20240712_1,sWBwr,u,,,
20240712_1,uOq,m,5,,
20240712_2,uYwg,m,5,,
20240712_2,hBna,m,5,,
20240712_2,cNb,m,5,,
20240712_2,sYRo,m,5,,
20240712_3,sYnr,m,5,,
20240712_3,sBYg,m,5,,
20240712_3,sWMq,m,5,,
20240712_3,pWbo,m,5,,
20240712_4,jBrn,m,5,,
20240712_4,iMy,m,4.5,,
20240712_4,sWow,m,5,,
20240712_4,pYNYba,m,5,,
20240712_4,sOag,u,,,
20240712_4,sRGra,u,,,
20240712_4,pObo,m,5,,
20240712_4,sGgr,u,,,
20240712_4,sAWgr,u,,,
20240712_5,pRWob,m,5,,
20240712_6,cMy,m,5,,
20240712_6,lYRbo,m,5,,
20240712_6,sAq,f,,,
20240712_6,sOrbr,m,5,,
20240712_6,sYNr,u,,,
20240712_7,sOrbr,m,5,,
20240712_7,pWByn,f,,,
20240712_7,sAq,f,,,
20240712_7,cGRb,m,5,,
20240712_7,sWBWgb,m,5,,
20240712_7,cMy,m,5,,
20240712_7,lYRbo,m,5,,
20240712_7,sYNr,u,,,
20240712_7,sRBaba,u,,,
20240712_8,sBbwb,u,,,
20240712_8,sWa,m,5,,
20240712_8,iWq,m,5,,
20240712_8,jBRb,f,,,
20240712_8,jMrw,m,5,,
20240712_9,zWBWwg,m,5,,
20240712_9,jWRna,f,,,
20240712_9,jMna,m,4.5,,
20240712_10,pBYyn,m,5,,
20240712_10,pWRbo,m,5,,
20240712_10,jGyr,f,,,
20240715_1,sMow,m,5,,
20240715_1,hBy,m,5,,
20240715_1,pNaba,m,5,,
20240715_1,jBbwb,m,5,,
20240715_1,sYw,m,5,,
20240715_1,cMra,f,,,
20240715_1,GBB,f,,,
20240715_1,sOo,m,5,,
20240715_1,pBGrb,f,,,
20240715_1,sGn,m,5,,
20240715_1,jBn,m,5,,
20240715_2,iWq,m,5,,
20240715_2,jBRb,f,,,
20240715_2,iMyb,m,5,,
20240715_2,sBbwb,u,,,
20240715_2,jMrw,m,5,,
20240715_2,sWa,m,5,,
20240715_3,cMy,m,5,,
20240715_3,lYRbo,m,5,,
20240715_3,sYyby,m,5,,
20240715_3,sOrbr,m,5,,
20240715_3,sYNr,u,,,
20240715_3,sAq,f,,,
20240715_3,cWbg,f,,,
20240715_4,pYNYba,m,5,,
20240715_4,sWow,m,5,,
20240715_4,sOag,u,,,
20240715_4,sRGra,u,,,
20240715_4,sGgr,u,,,
20240715_4,jBrn,m,5,,
20240715_5,sWMq,m,5,,
20240715_5,sBYg,m,5,,
20240715_5,sWrb,u,,,
20240715_5,pWbo,m,5,,
20240715_5,sYnr,m,5,,
20240715_6,zOob,f,,,
20240715_6,lGNw,m,5,,
20240715_6,pWBWwr,m,5,,
20240715_6,iGBao,f,,,
20240715_6,lWArg,m,5,,
20240715_6,pOWOoa,m,5,,
20240715_6,sMro,m,5,,
20240715_6,zWbr,m,5,,
20240715_6,zYwo,f,,,
20240715_7,fNo,m,5,,
20240715_7,sWBwr,u,,,
20240715_7,cBar,m,5,,
20240715_7,zOWOgn,m,5,,
20240715_8,jWRna,f,,,
20240715_8,zWBWwg,m,5,,
20240715_8,jMna,m,4.5,,
20240717_1,cBar,m,5,,
20240717_1,zOWOgn,m,5,,
20240717_1,pBYyn,m,5,,
20240717_1,pWRbo,m,5,,
20240717_1,jGyr,f,,,
20240717_1,fNo,m,5,,
20240717_2,uGwg,m,5,,
20240717_2,sARow,m,5,,
20240717_2,uOq,m,5,,
20240717_2,sWBwr,u,,,
20240717_2,sRNnr,m,5,,
20240717_2,cNb,m,5,,
20240717_2,uYwg,m,5,,
20240717_2,sYRo,m,5,,
20240717_3,sOag,u,,,
20240717_3,sGgr,u,,,
20240717_3,sWow,m,5,,
20240717_3,sRGra,u,,,
20240717_3,jBrn,m,5,,
20240717_3,pObo,m,5,,
20240717_3,sAWgr,u,,,
20240717_4,iOyn,m,4,,
20240717_5,lYRbo,m,5,,
20240717_5,sOrbr,m,5,,
20240717_5,sYyby,m,5,,
20240717_5,cWbg,f,,,
20240717_5,sYNr,u,,,
20240717_5,cMy,m,5,,
20240717_6,iWq,m,5,,
20240717_6,sBbwb,u,,,
20240717_6,jMrw,m,5,,
20240717_6,jBRb,f,,,
20240717_6,sWa,m,5,,
20240717_7,jBn,m,5,,
20240717_7,sMag,m,5,,
20240717_7,sOo,m,5,,
20240717_7,cOnr,m,5,,
20240717_7,pBGrb,f,,,
20240717_7,GBB,f,,,
20240717_7,sGn,m,5,,
20240717_7,iNyb,m,4.5,,
20240717_8,pANm,m,5,,
20240717_8,cMra,f,,,
20240717_8,jBbwb,m,5,,
20240717_8,sYw,m,5,might be a female,
20240717_8,sMow,m,5,,
20240717_8,hBy,m,5,,
20240717_8,sGa,m,5,,
20240719_1,sARow,m,5,,
20240719_1,uGwg,m,5,,
20240719_2,sOag,u,,,
20240719_2,pObo,m,5,,
20240719_2,sWow,m,5,,
20240719_2,pYNYba,m,5,,
20240719_2,sGgr,u,,,
20240719_2,sRGra,u,,,
20240719_2,jBrn,m,5,,
20240719_3,pWByn,f,,one blue feather with white tip,
20240719_3,cGRb,m,4.5,,
20240719_3,sRBaba,u,,,
20240719_3,sWBWgb,m,5,,
20240719_4,iWq,m,5,,
20240719_4,jMrw,m,5,,
20240719_4,jBRb,f,,,
20240719_4,sBbwb,u,,,
20240719_4,sWa,m,5,,
20240719_5,iNyb,m,4.5,,
20240719_5,GBB,f,,,
20240719_5,sMag,m,5,,
20240719_5,jBn,m,5,,
20240719_5,sGn,m,5,,
20240719_5,pBGrb,f,,,
20240719_5,sOo,m,5,,
20240719_5,cOnr,m,5,,
20240719_6,jMna,m,4.5,,
20240719_6,zWBWwg,m,5,,
20240719_6,jWRna,f,,,
20240719_7,fNo,m,5,,
20240719_7,pBYyn,m,5,,
20240719_7,pWRbo,m,5,,
20240719_7,jGyr,f,,,
20240719_7,zOWOgn,m,5,,
20240719_7,cBar,m,5,,
20240719_7,sBnr,u,,,
20240719_8,sWow,m,5,,
20240719_8,hBy,m,5,,
20240719_8,pNaba,m,5,,
20240719_8,cMra,f,,,
20240719_8,jBbwb,m,5,,
20240719_8,sAg,f,,,
20240719_8,pANm,m,5,,
20240722_1,jGyr,f,,,
20240722_1,cBar,m,5,,
20240722_1,zOWOgn,m,5,,
20240722_1,pBYyn,m,5,,
20240722_1,pWRbo,m,5,,
20240722_1,fNo,m,5,,
20240722_1,sBGo,u,,,
20240722_2,jMna,m,4.5,,
20240722_2,zWBWwg,m,5,,
20240722_2,jWRna,f,,,
20240722_3,uGwg,m,5,,
20240722_3,uOq,m,5,,
20240722_3,sYRo,m,5,,
20240722_3,sARow,m,5,,
20240722_3,sRNnr,m,5,,
20240722_4,sWrb,u,,,
20240722_4,sWMq,m,5,,
20240722_4,pWbo,m,5,,
20240722_4,sYnr,m,5,,
20240722_4,sWBwr,u,,,
20240722_5,zOob,f,,,
20240722_5,sNwr,m,5,,
20240722_5,zYwo,f,,,
20240722_5,zWbr,m,4,,
20240722_5,lWArg,m,5,,
20240722_6,cGRb,m,4.5,,
20240722_6,pWByn,f,,,
20240722_6,sWBWgb,m,5,,
20240722_6,sRBaba,u,,,
20240722_7,jBrn,m,5,,
20240722_7,sAWgr,u,,,
20240722_8,pRWob,m,5,,
20240722_9,sBbwb,u,,,
20240722_9,sWa,m,5,,
20240722_9,jBRb,f,,,
20240722_9,jMrw,m,4.5,,
20240722_9,iWq,m,5,,
20240722_10,sMag,m,5,,
20240722_10,iNyb,m,4.5,,
20240722_10,cOnr,m,5,,
20240722_10,GBB,f,,,
20240722_10,sGn,m,5,,
20240722_10,sOo,m,5,,
20240722_10,pBGrb,f,,,
20240722_10,jBn,m,5,,
20240722_11,cMra,f,,,
20240722_11,hBy,m,5,,
20240722_11,jBbwb,m,5,,
20240722_11,pNaba,m,5,,
20240722_11,sMow,m,5,,
20240722_11,sYw,m,5,,
20240724_1,sMow,m,5,,
20240724_1,jBbwb,m,5,,
20240724_1,hBy,m,5,,
20240724_1,sYw,m,5,,
20240724_1,sGa,m,5,,
20240724_2,cOnr,m,5,,
20240724_2,jBn,m,5,,
20240724_2,sGn,m,5,,
20240724_2,pBGrb,f,,,
20240724_2,GBB,f,,,
20240724_2,sMag,m,5,,
20240724_2,sOo,m,5,,
20240724_2,iNyb,m,4.5,,
20240724_3,sWa,m,5,,
20240724_3,jMrw,m,4,,
20240724_3,iWq,m,5,,
20240724_3,jBRb,f,,,
20240724_3,sBbwb,u,,,
20240724_4,sYyby,m,5,,
20240724_4,sOrbr,m,5,,
20240724_4,cMy,m,4,,
20240724_4,sAq,f,,,
20240724_4,cWbg,f,,,
20240724_4,lYRbo,m,5,,
20240724_4,sYNr,u,,,
20240724_5,jBRao,m,5,,
20240724_5,sGgr,u,,,
20240724_5,jYny,m,5,,
20240724_5,zBYBan,m,NA,,
20240724_5,hRo,f,,,
20240724_6,pWbo,m,5,,
20240724_6,cNb,m,5,,
20240724_7,sARow,m,5,,
20240724_7,sWBwr,u,,,
20240724_7,uOq,m,5,,
20240725_1,sOag,u,,,
20240725_1,sWow,m,5,,
20240725_1,pYNYba,m,5,,
20240725_1,sRGra,u,,,
20240725_1,pObo,m,4.5,,
20240725_2,jBrn,m,5,,
20240725_2,sAWgr,u,,,
20240725_3,cMy,m,4,,
20240725_3,lYRbo,m,4.5,,
20240725_3,sAq,f,,,
20240725_3,sYNr,u,,,
20240725_3,sOrbr,m,5,,
20240725_3,cWbg,f,,,
20240725_3,sYyby,m,5,,
20240725_4,cGRb,m,5,,
20240725_4,sRBaba,u,,,
20240725_4,pWByn,f,,,
20240725_4,sWBWgb,m,5,,
20240725_5,uGwg,m,5,,
20240725_5,uOq,m,5,,
20240725_5,hBna,m,5,,
20240725_5,sYRo,m,5,,
20240725_5,sRNnr,m,5,,
20240725_5,sWMq,m,5,,
20240725_5,pWbo,m,5,,
20240725_5,uYwg,m,5,,
20240725_5,sARow,m,5,,
20240725_5,cNb,m,5,,
20240725_6,fNo,m,5,,
20240725_6,sBGo,u,,,
20240725_6,cBar,m,5,,
20240726_1,cMra,f,,,
20240726_1,jBbwb,m,5,,
20240726_1,sGa,m,5,,
20240726_1,hBy,m,5,,
20240726_1,sMow,m,5,,
20240726_1,pNaba,m,5,,
20240726_2,jGyr,f,,,
20240726_2,pWRbo,m,4,,
20240726_2,zOWOgn,m,5,,
20240726_2,sBnr,u,,,
20240726_2,pBYyn,m,5,,
20240726_3,cBar,m,5,,
20240726_3,sBGo,u,,,
20240726_3,fNo,m,5,,
20240726_4,cOnr,m,5,,
20240726_4,jBn,m,5,,
20240726_4,sGn,m,5,,
20240726_4,sMag,m,5,,
20240726_4,pBGrb,f,,,
20240726_4,GBB,f,,,
20240726_4,sOo,m,5,,
20240726_4,iNyb,m,4.5,,
20240726_5,zWBWwg,m,5,,
20240726_5,jWRna,f,,,
20240726_5,jMna,m,4,,
20240726_6,jMrw,m,4,,
20240726_6,jBRb,f,,,
20240726_6,sWa,m,5,,
20240726_6,sBbwb,u,,,
20240726_6,iWq,m,5,,
20240726_7,cMy,m,4,,
20240726_7,cWbg,f,,,
20240726_7,sOrbr,m,5,,
20240726_7,sYyby,m,5,,
20240726_7,sYNr,u,,,
20240726_7,lYRbo,m,4.5,,
20240726_7,sAq,f,,,
20240726_8,pRWob,m,5,,
20240726_9,cGRb,m,4,,
20240726_9,sWBWgb,m,5,,
20240726_9,sRBaba,u,,,
20240726_9,pWByn,f,,,
20240726_10,jBrn,m,5,,
20240726_10,sAWgr,u,,,
20240726_10,pYNYba,m,5,,
20240726_10,sOag,u,,,
20240726_10,sWow,m,5,,
20240726_10,sRGra,u,,,
20240726_10,pObo,m,4,,
20240726_11,uOq,m,5,,
20240726_11,sBnr,u,,,
20240726_11,sWBwr,u,,,
20240726_11,sARow,m,5,,
20240726_11,uGwg,m,5,,
20240726_11,sYRo,m,5,,
20240726_11,cNb,m,5,,
20240726_11,sRNnr,m,5,,
20240726_11,sWMq,m,5,,
20240726_12,sYnr,m,5,,
20240726_12,pWbo,m,5,,
20240726_12,sWMq,m,5,,
20240726_13,sNwr,m,5,,
20240726_13,zWbr,m,3,,
20240726_13,zYwo,f,,,
20240726_13,lWArg,m,4.5,,
20240726_13,zOob,f,,,
20240728_1,hBy,m,5,,
20240728_1,pNaba,m,5,,
20240728_1,sMow,m,5,,
20240728_1,cMra,f,,,
20240728_1,sGa,m,5,,
20240728_1,sYw,m,5,,
20240728_1,jBbwb,m,5,,
20240728_2,jWRna,f,,,
20240728_2,jMna,m,4,,
20240728_2,zWBWwg,m,5,,
20240728_3,sOo,m,5,,
20240728_3,pBGrb,f,,,
20240728_3,jBn,m,5,,
20240728_3,iNyb,m,4.5,,
20240728_4,sWa,m,5,,
20240728_4,jMrw,m,3.5,,
20240728_4,sBbwb,u,,,
20240728_4,iWq,m,5,,
20240728_4,pWByn,f,,,
20240728_4,cGRb,m,4,,
20240728_4,jBRb,f,,,
20240728_4,sWBWgb,,,,
20240728_4,sRBaba,u,,,
20240728_5,lYRbo,m,4.5,,
20240728_5,sAq,f,,,
20240728_5,sYnr,,,,
20240728_6,sOrbr,m,5,,
20240728_6,cMy,m,3.5,,
20240728_6,cWbg,f,,,
20240728_6,sYyby,m,5,,
20240728_7,pRWob,m,5,,
20240728_8,pObo,m,4,,
20240728_8,sRGra,u,,,
20240728_8,sOag,u,,,
20240728_8,sWow,m,5,,
20240728_8,jBrn,m,5,,
20240728_8,sAWgr,u,,,
20240728_9,uOq,m,5,,
20240728_9,uGwg,m,5,,
20240728_9,sRNnr,m,5,,
20240728_9,sWBwr,u,,,
20240728_9,cNb,m,5,,
20240728_9,sRGra,u,,,
20240728_9,sWow,m,5,,
20240728_9,sOag,u,,,
20240728_9,pObo,m,4,,
20240728_9,jBrn,m,5,,
20240728_9,sAWgr,u,,,
20240728_9,sARow,m,5,,
20240728_9,pYNYba,m,5,Not in the lawn with the rest but in its territory alone (close to the road inbetween the greenhouse and the road). The rest joins soon after.,
20240728_10,sGn,m,5,,
20240728_10,cOnr,m,5,,
20240728_10,GBB,f,,,
20240728_10,iNyb,m,4.5,,
20240728_10,sOo,m,5,,
20240728_10,jBn,m,5,,
20240728_10,pBGrb,f,,,
20240728_11,zYwo,f,,,
20240728_11,lWArg,m,5,,
20240728_11,zOob,f,,,
20240728_11,sWMq,m,5,,
20240728_11,sYnr,m,5,,
20240728_11,pWbo,m,5,,
20240728_11,sNwr,m,5,,
20240728_11,zWbr,m,2,,
20240728_12,cBar,m,5,,
20240728_12,fNo,m,5,,
20240730_1,sBnr,u,,,
20240730_1,pWRbo,m,4,,
20240730_1,zOWOgn,m,5,,
20240730_1,pBYyn,m,5,,
20240730_1,jGyr,f,,,
20240730_2,cBar,m,5,,
20240730_2,sBGo,u,,,
20240730_2,fNo,m,5,,
20240730_3,sRNnr,m,5,,
20240730_3,uGwg,m,5,,
20240730_3,sARow,m,5,,
20240730_3,sWBwr,u,,,
20240730_3,uOq,m,5,,
20240730_4,sWMq,m,5,,
20240730_4,sYnr,m,5,,
20240730_4,pWbo,m,4.5,,
20240730_5,zYwo,f,,,
20240730_5,lWArg,m,5,,
20240730_5,zWbr,m,2,,
20240730_5,sNwr,u,,,
20240730_6,pYNYba,m,5,,
20240730_6,sWow,m,5,,
20240730_6,sOag,u,,,
20240730_6,jBrn,m,5,,
20240730_6,sAWgr,u,,,
20240730_6,sRGra,u,,,
20240730_6,pObo,m,3.5,"leads the movement, flies from the N side of the lawn () to S (GBB side)",
20240730_7,GBB,f,,,
20240730_7,sOo,m,5,,
20240730_7,jBn,m,5,,
20240730_7,sMag,m,5,,
20240730_7,pBGrb,f,,,
20240730_7,cOnr,m,5,,
20240730_7,sGn,m,5,,
20240730_7,iNyb,m,4.5,,
20240730_8,jWRna,f,,,
20240730_8,zWBWwg,m,5,possibly a 4.5 with 1 blue feather,
20240730_8,jMna,m,4,,
20240730_9,sMow,m,5,,
20240730_9,sYw,m,5,,
20240730_9,sGa,m,5,,
20240730_9,hBy,m,5,,
20240730_10,jMrw,m,3.5,,
20240730_10,iWq,m,5,,
20240730_10,jBRb,f,,,
20240730_10,sWa,m,5,,
20240730_10,sBbwb,u,,,
20240730_11,sYNr,m,5,,
20240730_11,sAq,f,,,
20240730_11,lYRbo,m,4,,
20240730_11,cMy,m,2,,
20240730_11,sOrbr,m,5,,
20240730_11,sYyby,m,5,,
20240730_11,cWbg,f,,,
20240730_12,hBna,m,4.5,,
20240730_12,sYRo,m,5,,
20240730_12,sBnr,u,,,
20240730_12,sBGo,u,,,
20240730_12,zOWOgn,m,5,,
20240730_12,pBYyn,m,5,,
20240730_12,sWBwr,u,,,
20240730_12,cNb,m,5,,
20240730_12,uYwg,m,5,,
20240801_1,cGRb,m,2,,
20240801_1,sWBWgb,m,5,,
20240801_1,pWByn,f,,,
20240801_1,sRBaba,u,,,
20240801_2,cNb,m,5,,
20240801_2,sYRo,m,5,,
20240801_2,sRNnr,m,5,,
20240801_2,sWBwr,u,,,
20240801_2,hBna,m,4.5,,
20240801_2,uYwg,m,5,,
20240802_1,pWRbo,m,2,,
20240802_1,jGyr,f,,,
20240802_1,zOWOgn,m,5,,
20240802_1,pBYyn,m,5,,
20240802_2,pNaba,m,5,,
20240802_2,zWBWwg,m,5,,
20240802_2,cMra,f,,,
20240802_2,jMna,m,3,,
20240802_2,sYw,m,5,,
20240802_2,hBy,m,5,,
20240802_2,sGa,m,5,,
20240802_2,jBbwb,m,5,,
20240802_2,sMow,m,5,,
20240802_2,jWRna,f,,,
20240802_3,jBRb,f,,,
20240802_3,iWq,m,5,,
20240802_3,sBbwb,u,,,
20240802_3,jMrw,m,3,,
20240802_3,sWa,m,5,,
20240802_4,sOrbr,m,5,,
20240802_4,cMy,m,1.5,,
20240802_4,sYNr,m,5,,
20240802_5,cGRb,m,2,,
20240802_5,pWByn,f,,,
20240802_5,sRBaba,u,,,
20240802_5,sWBWgb,m,5,,
20240802_6,sAWgr,u,,,
20240802_6,jBrn,m,5,,
20240802_7,sWow,m,5,,
20240802_7,pYNYba,m,5,,
20240802_7,sOag,u,,,
20240802_7,sRGra,u,,,
20240802_7,pObo,m,3,,
20240802_8,sWow,m,5,,
20240802_8,pYNYba,m,5,,
20240802_8,sOag,u,,,
20240802_8,sRGra,u,,,
20240802_8,pObo,m,3,,
20240802_8,jBrn,m,5,,
20240802_8,sAWgr,u,,,
20240802_9,pWbo,m,4.5,,
20240802_10,sRNnr,m,5,,
20240802_10,sWBwr,u,,,
20240802_10,pBYyn,m,5,,
20240802_10,zOWOgn,m,5,,
20240802_10,sBGo,u,,,
20240802_10,cBar,m,5,,
20240802_10,sYRo,m,5,,
20240802_10,sBnr,u,,,
20240802_10,pWbo,m,5,,
20240802_10,sWMq,m,5,,
20240802_10,sYnr,m,5,,
20240802_11,jBn,m,5,,
20240802_11,pBGrb,f,,,
20240802_11,cOnr,m,5,,
20240802_11,iNyb,m,4.5,,
20240802_11,sOo,m,5,,
20240802_11,sGn,m,5,,
20240802_11,sMag,m,5,,
20240805_1,pNaba,m,5,,
20240805_1,cMra,f,,,
20240805_1,jBbwb,m,5,,
20240805_1,sMow,m,4,,
20240805_1,hBy,m,5,,
20240805_1,sGa,m,5,,
20240805_1,sYw,u,,,
20240806_1,jGyr,f,,,
20240806_1,pBYyn,m,5,,
20240806_1,pWRbo,m,1.5,,
20240806_1,zOWOgn,m,5,,
20240806_1,sBnr,u,,,
20240806_2,pNaba,m,5,,
20240806_2,cMra,f,,,
20240806_2,sGa,m,5,,
20240806_2,jBbwb,m,5,,
20240806_2,sYw,m,5,,
20240806_2,sMow,m,4,,
20240806_2,hBy,m,5,,
20240806_3,jMna,m,1,,
20240806_3,jWRna,f,,,
20240806_3,zWBWwg,m,4,,
20240806_4,cOnr,m,5,,
20240806_4,sOo,m,5,,
20240806_4,iNyb,m,4.5,,
20240806_4,pBGrb,f,,,
20240806_4,GBB,f,,,
20240806_4,sGn,m,5,,
20240806_4,sMag,m,5,,
20240806_4,jBn,m,5,,
20240806_5,iOyn,m,1.5,,
20240806_6,sBbwb,u,,,
20240806_6,iWq,m,5,,
20240806_6,jMrw,m,1.5,,
20240806_6,jBRb,f,,,
20240806_6,sWa,m,5,,
20240806_7,sWBWgb,m,5,,
20240806_7,cGRb,m,1,,
20240806_7,pWByn,f,,,
20240806_7,sRBaba,u,,,
20240806_8,pObo,m,1,,
20240806_8,sRGra,u,,,
20240806_8,pYNYba,m,5,Maybe a moult start,
20240806_8,sOag,u,,,
20240806_8,sWow,m,5,,
20240806_9,sWMq,m,5,,
20240806_9,pWbo,m,4,,
20240806_9,sYnr,m,5,,
20240806_9,sGgr,u,,,
20240806_10,sBnr,u,,,
20240806_10,sWBwr,u,,,
20240806_10,pBYyn,m,5,,
20240806_10,sBGo,u,,,
20240807_1,jWRna,f,,,
20240807_1,jMna,m,1,,
20240807_1,zWBWwg,m,4,,
20240807_2,sYw,m,5,,
20240807_2,sGa,m,5,,
20240807_2,pNaba,m,5,,
20240807_3,jBbwb,m,5,,
20240807_3,hBy,m,5,,
20240807_3,sMow,m,4,,
20240807_3,cMra,f,,,
20240807_4,jBRb,f,,,
20240807_4,iWq,m,5,,
20240807_4,sBbwb,u,,,
20240807_4,iNyb,m,4.5,,
20240807_4,sWa,m,5,,
20240807_4,sGn,m,5,,
20240807_4,jMrw,m,1.5,,
20240807_4,jBn,m,5,,
20240807_4,sMag,m,5,,
20240807_4,GBB,f,,,
20240807_4,sOo,m,5,,
20240807_4,pBGrb,f,,,
20240807_4,cGRb,m,1,,
20240807_4,sRBaba,u,,,
20240807_4,sWBWgb,m,5,,
20240807_4,pWByn,f,,,
20240807_4,cOnr,m,5,,
20240807_5,pRWob,m,4,,
20240807_6,pWbo,m,4,,
20240807_6,sYnr,m,5,,
20240807_6,uGwg,m,5,,
20240807_6,sYRo,m,5,,
20240807_6,sWow,m,5,,
20240807_6,sAWgr,u,,,
20240807_6,sWMq,m,5,,
20240807_6,sGgr,u,,,
20240807_6,pObo,m,1,,
20240807_6,pYNYba,m,5,,
20240807_6,jBrn,m,5,,
20240807_6,sOag,u,,,
20240807_6,sRNnr,m,5,,
20240807_6,uOq,m,5,,
20240807_6,sWBwr,u,,,
20240807_6,uYwg,m,4,,
20240807_7,lWArg,m,5,,
20240807_7,sNwr,m,5,,
20240807_7,zWbr,m,1,,
20240807_7,zYwo,f,,,
20240807_8,uYwg,m,4,,
20240807_8,sGgr,u,,,
20240807_8,sYRo,m,5,,
20240808_1,sAq,f,,,
20240808_1,cMy,m,1.5,,
20240808_1,sOrbr,m,5,,
20240808_1,sRy,f,,,
20240808_1,sMbr,m,1,,
20240808_1,sYyby,m,5,,
20240808_1,cWbg,f,,,
20240808_1,sYNr,u,,,
20240808_1,lYRbo,m,3.5,,
20240808_2,sYnr,m,5,,
20240808_2,sWMq,m,5,,
20240808_2,sGgr,u,,,
20240808_2,pWbo,m,4,,
20240808_3,jBrn,m,5,,
20240808_3,sAWgr,u,,,
20240808_4,sARow,m,5,,
20240808_4,uOq,m,5,,
20240808_5,cNb,m,5,,
20240808_5,sYRo,m,5,,
20240808_5,fNo,m,5,,
20240808_5,uGwg,m,5,,
20240808_5,sWBwr,u,,,
20240808_5,sBGo,u,,,
20240808_5,sRNnr,m,5,,
20240808_5,pBYyn,m,5,,
20240808_5,cBar,m,5,,
20240808_5,sBnr,u,,,
20240808_5,sOo,m,5,,
20240811_1,pBGrb,f,,,
20240811_1,jBn,m,5,,
20240811_1,iNyb,m,4.5,,
20240811_1,cOnr,m,5,,
20240811_1,sOo,m,5,,
20240811_1,sGn,m,5,,
20240811_1,GBB,f,,,
20240811_1,sMag,m,5,,
20240811_2,zWBWwg,m,4,,
20240811_2,jWRna,f,,,
20240811_2,jMna,m,1,,
20240811_3,sBbwb,u,,,
20240811_3,iWq,m,5,,
20240811_3,jBRb,f,,,
20240811_3,sWa,m,5,,
20240811_3,jMrw,m,1,,
20240811_4,sYyby,m,5,,
20240811_4,sMbr,m,1,,
20240811_4,cWbg,f,,,
20240811_4,sOrbr,m,5,,
20240811_4,cMy,m,1,,
20240811_4,sYNr,u,,,
20240811_5,pBYyn,f,,,
20240811_5,cGRb,m,1,,
20240811_5,sWBWgb,m,5,,
20240811_5,sRBaba,u,,,
20240811_6,sAWgr,u,,,
20240811_6,jBrn,m,5,,
20240811_7,pWbo,m,4,,
20240811_7,sWMq,m,5,,
20240811_7,sYnr,m,5,,
20240811_8,uGwg,m,5,,
20240811_8,sWBwr,u,,,
20240811_9,pBYyn,m,5,,
20240811_9,zOWOgn,m,5,,
20240811_9,jGyr,f,,,
20240811_9,pWRbo,m,1,,
20240811_10,sMow,m,4,,
20240811_10,pNaba,m,5,,
20240811_10,jBbwb,m,5,,
20240811_10,sGa,m,5,,
20240811_10,cMra,f,,,
20240811_11,iONr,m,1,,
20240811_11,pANg,m,5,,
20240811_11,uNyby,m,5,,
20240811_11,pBYrb,f,,,
20240813_1,sBGo,u,,,
20240813_1,cBar,m,5,,
20240813_1,sRNnr,m,5,,
20240813_2,uOq,m,4.5,,
20240813_2,sRNnr,m,5,,
20240813_2,sARow,m,5,,
20240813_3,cNb,m,5,,
20240813_3,uYwg,m,5,,
20240813_4,sWMq,m,5,,
20240813_4,pWbo,m,4,,
20240813_4,sYnr,m,5,,
20240813_4,sGgr,u,,,
20240813_5,cMq,f,,,
20240813_5,sRWow,m,4,,
20240813_5,sKa,f,,,
20240813_6,pObo,m,1,,
20240813_6,sOag,u,,,
20240813_6,pYNYba,m,5,,
20240813_6,sWow,m,5,,
20240813_6,sRGra,u,,,
20240813_7,sRBaba,u,,,
20240813_7,cGRb,m,1,,
20240813_7,sWBWgb,m,5,Problems on the left (?) leg,
20240813_7,pWByn,f,,,
20240813_8,pRWob,m,4,,
20240813_9,sMbr,m,1,,
20240813_10,cWbg,f,,,
20240813_10,sOrbr,u,,,
20240813_10,cMy,m,1,,
20240813_10,sYNr,m,5,,
20240813_10,sYyby,m,5,,
20240813_11,zWBWwg,m,4,,
20240813_11,jWRna,f,,,
20240813_11,jMna,m,1,,
20240813_12,sOo,m,5,,
20240813_12,sGn,m,5,,
20240813_12,cOnr,m,4.5,,
20240813_12,jBn,m,5,,
20240813_12,sMag,m,5,,
20240813_12,iNyb,m,4.5,,
20240813_12,GBB,f,,,
20240813_12,pBGrb,f,,,
20240813_13,sMow,m,4,,
20240813_13,sYw,u,,,
20240813_13,jBbwb,m,5,,
20240813_13,pNaba,m,5,,
20240813_14,zOWOgn,m,5,,
20240813_14,pWRbo,m,1,,
20240813_14,sBnr,u,,,
20240813_14,jGyr,f,,,
20240813_14,pBYyn,m,5,,
20240815_1,cOnr,m,4,,
20240815_1,GBB,f,,,
20240815_2,jMrw,m,1,,
20240815_2,iWq,m,5,,
20240815_2,sBbwb,u,,,
20240815_2,jBRb,f,,,
20240815_2,sWa,m,5,,
20240815_3,cMy,m,1,,
20240815_3,sOrbr,m,5,,
20240815_3,sYyby,m,5,,
20240815_3,sYNr,u,,,
20240815_3,cWbg,f,,,
20240815_4,sWBWgb,m,5,,
20240815_4,cGRb,m,1,,
20240815_4,sRBaba,u,,,
20240815_4,pBYyn,f,,,
20240815_5,sOag,u,,,
20240815_5,pYNYba,m,5,,
20240815_5,pObo,m,1,,
20240815_5,sARn,u,,,
20240815_5,hWyr,f,,,
20240815_5,zWRWba,m,5,,
20240815_5,sRGra,u,,,
20240815_5,sWow,m,5,,
20240815_6,jBrn,m,5,,
20240815_6,sAWgr,u,,,
20240815_7,sYw,m,5,,
20240815_7,sGa,m,5,,
20240815_7,sMow,m,3.5,,
20240815_8,pWRbo,m,1,,
20240815_8,jGyr,f,,,
20240815_8,zOWOgn,m,5,,
20240815_8,pBYyn,m,5,,
20240815_9,jMna,m,1,,
20240815_9,zWBWwg,m,4,,
20240815_9,jWRna,f,,,
20240816_1,pNaba,m,5,,
20240816_1,cMra,f,,,
20240816_1,jBbwb,m,5,,
20240816_2,zOWOgn,m,5,,
20240816_2,pWRbo,m,1,,
20240816_2,jGyr,f,,,
20240816_2,pBYyn,m,5,,
20240816_3,sMow,m,2,,
20240816_3,sYw,m,5,,
20240816_3,sGa,m,5,,
20240816_4,GBB,f,,,
20240816_4,sOo,m,5,,
20240816_4,cOnr,m,4,,
20240816_5,uYwg,m,4.5,,
20240816_5,sYRo,m,5,,
20240816_5,cNb,m,5,,
20240816_6,pWbo,m,4,,
20240816_6,sGgr,u,,,
20240816_6,sYnr,m,5,,
20240816_6,sWMq,m,5,,
20240816_7,pYNYba,m,5,,
20240816_7,pObo,m,1,Petal display,
20240816_7,sOag,u,,,
20240816_7,sWow,m,5,,
20240816_7,sRGra,u,,,
20240816_8,cWbg,f,,,
20240816_8,sYyby,m,5,,
20240816_8,cMy,m,1,,
20240816_8,sOrbr,m,5,,
20240816_8,sYNr,u,,,
20240816_9,jBn,m,5,,
20240816_9,sGn,m,5,,
20240816_9,iNyb,m,4.5,,
20240816_9,sMag,m,5,,
20240816_9,pBGrb,f,,,
20240816_10,cBar,m,5,,
20240816_10,sBGo,u,,,
20240816_10,fNo,m,4.5,,
20240816_10,sBnr,u,,,
20240816_11,uOq,m,4,,
20240816_11,sARow,u,,,
20240816_11,uGwg,m,5,,
20240820_1,cOnr,m,4,,
20240820_1,GBB,f,,,
20240820_1,sOo,m,5,,
20240820_2,jMna,m,1,,
20240820_2,jWRna,f,,,
20240820_2,zWBWwg,m,4.5,,
20240820_3,jBn,m,5,,
20240820_3,sMag,m,5,,
20240820_3,sGn,m,5,,
20240820_3,pBGrb,f,,,
20240820_3,iNyb,m,4.5,,
20240820_4,cGRb,m,1,,
20240820_4,sRBaba,u,,,
20240820_4,pWByn,f,,,
20240820_5,pNaba,m,4.5,,
20240820_5,jBbwb,m,5,,
20240820_5,cMra,f,,,
20240820_6,zOWOgn,m,5,,
20240820_6,sBnr,u,,,
20240820_6,pBYyn,m,5,,
20240820_7,cBar,m,5,,
20240820_7,sBGo,u,,,
20240820_7,fNo,m,4,,
20240821_1,sGn,m,5,,
20240821_1,jBn,m,5,,
20240821_1,iNyb,m,4.5,,
20240821_1,sMag,m,5,,
20240821_1,sWa,m,5,,
20240821_1,pBGrb,f,,,
20240821_1,jBRb,f,,,
20240821_1,sBbwb,u,,,
20240821_1,iWq,m,5,,
20240821_1,jMrw,m,1,,
20240821_2,pWRbo,m,1,,
20240821_2,zOWOgn,m,5,,
20240821_2,jGyr,f,,,
20240821_2,pBYyn,m,5,,
20240821_2,sBnr,u,,,
20240821_3,jMna,m,1,,
20240821_3,zWBWwg,m,4.5,,
20240821_3,jWRna,f,,,
20240821_4,cOnr,m,3.5,,
20240821_4,sOo,m,5,,
20240821_4,GBB,f,,,
20240821_5,sBGo,u,,,
20240821_5,fNo,m,4,,
20240821_5,cBar,m,5,,
20240821_6,cMra,f,,,
20240821_6,pNaba,m,4.5,,
20240821_6,jBbwb,m,5,,
20240822_1,sRBaba,u,,,
20240822_1,pWByn,f,,,
20240822_1,cGRb,m,1,,
20240822_2,cMra,f,,,
20240822_2,jBbwb,m,5,,
20240822_2,pNaba,m,4,,
20240822_3,sMow,m,1,,
20240822_3,sGa,m,5,,
20240822_3,sYw,u,,,
20240822_4,jBRb,f,,,
20240822_4,sBbwb,u,,,
20240822_4,jMrw,m,1,,
20240822_4,cMy,m,1,,
20240822_4,sWa,m,5,,
20240822_4,iWq,m,5,,
20240822_5,pBGrb,f,,,
20240822_5,sMag,m,5,,
20240822_5,iNyb,m,4,,
20240822_5,jBn,m,5,,
20240822_5,sGn,m,5,,
20240822_6,sOo,m,5,,
20240822_6,cOnr,m,3,,
20240822_6,GBB,f,,,
20240822_7,jGyr,f,,,
20240822_7,pBYyn,m,5,,
20240822_7,zOWOgn,m,5,,
20240822_7,pWRbo,m,1,,
20240822_7,sBnr,u,,,
20240827_1,jMna,m,1,,
20240827_1,jWRna,f,,,
20240827_1,zWBWwg,m,4.5,,
20240827_2,sRBaba,u,,,
20240827_2,pWByn,f,,,
20240827_2,cGRb,m,1,,
20240827_3,pNaba,m,3.5,,
20240827_3,jBbwb,m,5,,
20240827_3,cMra,f,,,
20240827_4,sMow,m,1,,
20240827_4,sYw,u,,,
20240827_4,sGa,u,,,
20240827_5,jGyr,f,,,
20240827_5,pWRbo,m,1,,
20240827_5,zOWOgn,m,5,,
20240827_5,sBnr,u,,,
20240827_5,pBYyn,m,5,,
20240827_6,pBGrb,f,,,
20240827_6,iNyb,m,4,,
20240827_6,sMag,m,5,,
20240827_6,sGn,m,5,,
20240827_6,jBn,m,5,,
20240827_7,iWq,m,4.5,,
20240827_7,sWa,m,5,,
20240827_7,sBbwb,u,,,
20240827_7,jBRb,f,,,
20240827_8,cOnr,m,2,,
20240827_8,GBB,f,,,
20240827_8,sOo,m,5,,
20240830_1,iNyb,m,4,,
20240830_1,jBn,m,5,,
20240830_1,pBGrb,f,,,
20240830_1,sMag,m,5,,
20240830_1,sGn,m,5,,
20240830_2,iWq,m,4,,
20240830_2,sWa,m,5,,
20240830_2,sBbwb,u,,,
20240830_2,jBRb,f,,,
20240830_2,cMy,m,1,,
20240830_2,jMrw,m,1,,
20240830_2,jMna,m,1,,
20240830_3,jBbwb,m,5,,
20240830_3,pNaba,m,2,,
20240830_3,cMra,f,,,
20240830_3,hBy,m,4.5,,
20240830_4,jGyr,f,,,
20240830_4,sBnr,u,,,
20240830_4,pBYyn,m,5,,
20240830_4,zOWOgn,m,5,,
20240830_4,jMna,m,1,,
20240830_5,cOnr,m,1.5,,
20240830_5,sOo,m,5,,
20240830_5,GBB,f,,,
20240830_6,jMna,m,1,,
20240830_6,jWRna,f,,,
20240830_6,zWBWwg,m,4.5,,
20240830_7,sMow,m,1,,
20240830_7,sYw,u,,,
20240830_7,sGa,u,,,
20240903_1,pBYyn,m,5,,
20240903_1,zOWOgn,m,5,,
20240903_1,jGyr,f,,,
20240903_2,sGa,f,,,
20240903_2,sMow,m,1,,
20240903_2,sYw,u,,,
20240903_3,sBbwb,u,,,
20240903_3,jBRb,f,,,
20240903_3,sWa,m,5,,
20240903_3,cMy,m,1,,
20240903_3,iWq,m,2.5,,
20240903_3,jMrw,m,1,,
20240903_4,pBGrb,f,,,
20240903_4,iNyb,m,3,,
20240903_4,jBn,m,5,,
20240903_4,sMag,m,5,,
20240903_4,sGn,m,5,,
20240903_5,zWBWwg,m,4.5,,
20240903_5,jWRna,f,,,
20240903_5,jMna,m,1,,
20240903_6,cGRb,m,1,,
20240903_6,sRBaba,u,,,
20240903_6,jBrn,m,1,,
20240903_6,sAWgr,u,,,
20240903_7,pNaba,m,1,,
20240903_7,cMra,f,,,
20240903_7,jBbwb,m,5,,
20240905_1,sOo,m,5,,
20240905_1,GBB,f,,,
20240905_1,cOnr,m,1,,
20240905_2,jBn,m,5,,
20240905_2,iNyb,m,2,,
20240905_2,pBGrb,f,,,
20240905_2,sGn,m,5,,
20240905_2,sMag,m,5,,
20240905_3,cGRb,m,1,,
20240905_3,sRBaba,u,,,
20240906_1,sYw,m,5,,
20240906_1,sGa,u,,,
20240906_1,sMow,m,1,,
20240906_2,iWq,m,1.5,,
20240906_2,jBRb,f,,Building nest,
20240906_2,jMrw,m,1,,
20240906_3,cGRb,m,1,,
20240906_3,sRBaba,u,,,
20240906_4,jMna,m,1,,
20240906_4,jWRna,f,,,
20240906_4,zWBWwg,m,4,,
20240906_5,sGn,m,5,,
20240906_5,iNyb,m,2,,
20240906_5,pBGrb,f,,,
20240906_5,jBn,m,5,,
20240906_5,sMag,m,5,,
20240906_6,sOo,m,5,,
20240906_6,GBB,f,,,
20240906_6,cOnr,m,1,,
20240906_7,jGyr,f,,,
20240906_7,zOWOgn,m,4.5,,
20240906_7,pWRbo,m,1,,
20240906_8,pNaba,m,1,,
20240906_8,jBbwb,m,5,,
20240906_8,cMra,f,,,
20240909_1,GBB,f,,,
20240909_1,cOnr,m,1,,
20240909_1,sOo,m,5,,
20240909_2,pNaba,m,1,,
20240909_2,jBbwb,m,5,,
20240909_2,cMra,f,,,
20240909_3,jGyr,f,,,
20240909_3,sBnr,f,,,
20240909_3,zOWOgn,m,5,,
20240909_3,pWRbo,m,1,,
20240909_4,jMna,m,1,,
20240909_4,zWBWwg,m,4,,
20240909_4,jWRna,f,,,
20240909_5,cGRb,m,1,,
20240909_5,sRBaba,u,,,
20240909_6,sMow,m,1,,
20240909_6,sYw,u,,,
20240909_6,sGa,m,5,,
20240909_7,sGn,m,5,,
20240909_7,pBGrb,f,,,
20240909_7,sMag,m,5,,
20240909_7,iNyb,m,1,,
20240909_7,jBn,m,5,,
20240909_8,iWq,m,1,,
20240909_8,jBRb,f,,,
20240909_8,jMrw,m,1,,
20240909_8,sWa,m,5,,
20240912_1,sMow,m,1,,
20240912_1,sYw,u,,,
20240912_1,sGa,m,5,,
20240912_2,pNaba,m,1,,
20240912_2,cMra,f,,,
20240912_2,jBbwb,m,4.5,,
20240912_3,jGyr,f,,,
20240912_3,zOWOgn,m,4.5,,
20240912_3,sBnr,u,,,
20240912_3,pWRbo,m,1,,
20240912_4,pBGrb,f,,,
20240912_4,sGn,m,5,,
20240912_4,iNyb,m,1,,
20240912_4,sMag,m,5,,
20240912_4,jBn,m,5,,
20240912_5,iWq,m,1,,
20240912_5,jBRb,f,,,
20240912_5,sWa,m,5,,
20240912_5,jMrw,m,1,,
20240912_6,zWBWwg,m,4,,
20240912_6,jMna,m,1,,
20240912_6,jWRna,f,,,
20240916_1,cGRb,m,1,,
20240916_1,sRBaba,m,f,,
20240916_2,jMrw,m,1,,
20240916_2,iWq,m,1,,
20240916_2,jBRb,f,,,
20240916_2,sWa,m,5,,
20240916_3,cOnr,m,1,,
20240916_3,jGyr,f,,,
20240916_3,sBnr,u,,,
20240916_3,zOWOgn,m,4.5,,
20240916_3,cBar,m,4,,
20240916_3,sBGo,u,,,
20240916_3,pWRbo,m,1,,
20240916_3,GBB,f,,,
20240916_3,sOo,m,5,,
20240916_4,cMra,f,,,
20240916_4,pNaba,m,1,,
20240916_4,jBbwb,m,4,,
20240916_5,sMow,m,1,,
20240916_5,sYw,m,5,,
20240916_5,sGa,u,,,
20240916_5,hBy,m,2.5,,
20240916_6,jWRna,f,,,
20240916_6,zWBWwg,m,4,,
20240916_6,jMna,m,1,,
20240919_1,zWBWwg,m,3.5,,
20240919_1,jWRna,f,,,
20240919_1,jMna,m,1,,
20240919_2,pBGrb,f,,,
20240919_2,jBn,m,4,,
20240919_2,sGn,m,5,,
20240919_2,sMag,m,5,,
20240919_2,iNyb,m,1,,
20240919_3,jMrw,m,1,,
20240919_3,jBRb,f,,,
20240919_3,iWq,m,1,,
20240919_3,sWa,m,5,,
20240919_4,sBnr,u,,,
20240919_4,jGyr,f,,,
20240919_4,pWRbo,m,1,,
20240919_4,zOWOgn,m,4,,
20240919_5,pNaba,m,1,,
20240919_5,cMra,f,,,
20240919_5,jBbwb,m,4,,
20240919_6,hBy,m,1.5,,
20240919_6,sMow,m,1,,
20240919_6,sYw,u,,,
20240919_6,sGa,m,5,,
20240919_7,GBB,f,,,
20240919_7,cOnr,m,1,,
20240919_7,sOo,m,5,,
20240919_8,sRBaba,u,,,
20240919_8,cGRb,m,1,,
20240923_1,jBbwb,m,4,,
20240923_1,pNaba,m,1,,
20240923_1,cMra,f,,,
20240923_2,sMow,m,1,,
20240923_2,sYw,f,,,
20240923_2,sGa,f,,,
20240923_2,pANg,m,4,,
20240923_3,jWRna,f,,,
20240923_3,jMna,m,1,,
20240923_3,zWBWwg,m,2,,
20240923_4,sGn,m,5,,
20240923_4,pBGrb,f,,,
20240923_4,sMag,m,4,,
20240923_4,jBn,m,4,,
20240923_4,iNyb,m,1,,
20240923_5,jBRb,f,,,
20240923_5,sWa,m,4.5,,
20240923_5,jMrw,m,1,,
20240923_5,iWq,m,1,,
20240923_6,cGRb,m,1,,
20240923_6,sRBaba,f,,,
20240923_7,jGyr,f,,,
20240923_7,pWRbo,m,1,,
20240923_8,cOnr,m,1,,
20240923_8,sOo,m,5,,
20240923_8,GBB,f,,,
20241115_1,pWRbo,m,1,,
20241115_1,jGyr,f,,,
20241115_1,sBnr,f,,helping feed fledgies,
20241115_2,cMra,f,,,
20241115_2,jBbwb,m,1,,
20241115_3,iNyb,m,1,,
20241115_3,pBGrb,f,,,
20241115_3,sWBwr,f,,,
20241115_3,sMag,m,1,pox?,
20241115_3,jBn,m,1,,
20241115_3,jMna,m,1,,
20241115_3,sGn,m,2,,
20241115_3,unb,f,,"unb can be identified, with jMna",
20241115_4,sWa,m,1,,
20241115_4,unb,f,,,
20241115_4,jBRb,f,,,
20241115_5,sRBaba,f,,,
20241115_5,cGRb,m,1,,
20241115_6,sYw,f,,,
20241115_6,sMow,m,1,,
20241115_7,cOnr,m,1,,
20241115_7,sRGan,m,1,,
20241115_7,sOo,m,2,,
20241119_1,pWRbo,m,1,,
20241119_1,jGyr,f,,,
20241119_1,fledgie,j,,,
20241119_2,jBbwb,m,1,,
20241119_2,cMra,f,,,
20241119_2,pNaba,m,1,,
20241119_3,sRBaba,f,,,
20241119_3,cGRb,m,1,,
20241119_4,iNyb,m,1,,
20241119_4,sGn,m,2,,
20241119_4,pBGrb,f,,,
20241119_5,GBB,f,,,
20241119_5,sOo,m,2,,
20241119_5,sRGan,m,1,,
20241119_5,cOnr,m,1,,
20241119_6,unb,f,,"unb can be identified, with jMna",
20241119_6,jMna,m,1,,
20241119_7,jMrw,m,1,,
20241119_7,unb,f,,,
20241119_7,sWa,m,1,,
20241119_7,jBRb,f,,,
20241119_7,iNyb,m,1,,
20241119_8,sMow,m,1,,
20241119_8,sYw,f,,,
20241122_1,iWq,m,1,,
20241122_1,jBRb,f,,,
20241122_1,unb,f,,,
20241122_1,sWa,m,1,,
20241122_2,sRGan,m,1,,
20241122_2,sOo,m,2,,
20241122_2,GBB,f,,,
20241122_2,cOnr,m,1,,
20241127_1,jBn,m,1,,
20241127_1,pBGrb,f,,,
20241127_1,sGn,m,2,,
20241127_1,iNyb,m,1,,
20241127_1,sMag,m,1,,
20241127_2,jBRb,f,,,
20241127_2,iWq,m,1,,
20241127_2,sWa,m,1,,
20241127_3,jBbwb,m,1,,
20241127_3,pNaba,m,1,,
20241127_3,cMra,f,,,
20241127_4,cOnr,m,1,,
20241127_4,GBB,f,,,
20241127_4,sOo,m,2,,
20241129_1,cOnr,m,1,,
20241129_1,GBB,f,,,
20241129_1,sOo,m,2,,
20241129_1,hNwo,j,,,
20241129_1,sRGan,m,1,,
20241129_2,sMag,m,1,,
20241129_2,jBn,m,1,,
20241129_2,iWq,m,1,,
20241129_2,sWBwr,f,,,
20241129_3,unb,f,,,
20241129_3,sWa,m,1,,
20241129_3,jMrw,m,1,,
20241129_3,iWq,m,1,,
20241129_4,cGRb,m,1,,
20241129_4,sRBaba,f,,,
20241129_4,sOrbr,f,,,
20241129_5,pBGrb,f,,,
20241129_5,jBn,m,1,,
20241129_5,iNyb,m,1,,
20241129_6,cMra,f,,,
20241129_6,jBbwb,m,1,,
20241129_6,hOna,j,,,
20241129_6,hRAnr,j,,,
20241129_6,hGRq,j,,,
20241129_7,sYw,f,,,
20241129_7,unb,f,,,
20241202_1,jBbwb,m,1,,
20241202_1,pNaba,m,1,,
20241202_1,hRAnr,j,,,
20241202_1,cMra,f,,,
20241202_2,sRGan,m,1,,
20241202_2,cOnr,m,1,,
20241202_2,GBB,f,,,
20241202_3,pBGrb,f,,,
20241202_3,iNyb,m,1,,
20241202_3,sGn,m,2,,
20241202_4,jMrw,m,1,,
20241202_4,jBRb,f,,,
20241202_5,unb,f,,"unb can be identified, with jMna",
20241202_5,zWBWwg,m,1,,
20241202_5,jMna,m,1,,
20241202_6,hGRwn,j,,,
20241202_6,sYw,f,,,
20241202_6,unb,f,,"unb can be identified, with sYw",
20241202_6,hGrb,j,,,
20241202_6,sMow,m,1,,
20241204_1,cMra,f,,,
20241204_1,pNaba,m,1,,
20241204_2,sMow,m,1,,
20241204_2,sYw,f,,,
20241204_2,unb,f,,"unb can be identified, with sYw",
20241204_2,hGRwn,j,,,
20241204_2,hGrb,j,,,
20241204_3,hMa,j,,,
20241204_3,hONrw,j,,,
20241204_3,unb,f,,,
20241204_3,zOWOgn,m,1,,
20241204_3,sBnr,f,,,
20241204_4,iNyb,m,1,,
20241204_4,pBGrb,f,,,
20241204_4,jBn,m,1,,
20241204_4,sGn,m,2,,
20241204_5,sRBaba,f,,,
20241204_5,cGRb,m,1,,
20241204_5,sOrbr,f,,,
20241204_6,jMrw,m,1,,
20241204_6,sWa,m,1,,
20241204_6,iWq,m,1,,
20241204_6,jBRb,f,,,
20241204_7,sOo,m,2,,
20241204_7,cOnr,m,1,,
20241204_7,GBB,f,,,
20241204_8,jMna,m,1,,
20241204_8,unb,f,,"unb can be identified, with jMna",
20241206_1,iWq,m,1,,
20241206_1,jBRb,f,,,
20241206_1,jMrw,m,1,,
20241206_2,GBB,f,,,
20241206_3,jMna,m,1,,
20241206_3,unb,f,,"unb can be identified, with jMna",
20241206_4,hGrb,j,,,
20241206_4,hGRwn,j,,,
20241206_4,unb,f,,"unb can be identified, with sYw",
20241206_5,zOWOgn,m,1,,
20241206_5,jGyr,f,,,
20241206_5,unb,f,,,
20241206_5,hNRwg,j,,,
20241206_5,hMa,j,,,
20241206_5,sBnr,f,,,
20241206_5,hONrw,j,,,
20241209_1,jGyr,f,,,
20241209_1,zOWOgn,m,1,,
20241209_1,unb,f,,,
20241209_1,sBnr,f,,,
20241209_1,hMa,j,,,
20241209_1,hONrw,j,,,
20241209_1,hNRwg,j,,,
20241209_1,cKq,m,1,,
20241209_2,sWa,m,1,,
20241209_2,jMrw,m,1,,
20241209_3,jMna,m,1,,
20241209_4,sOo,m,2,,
20241209_4,sRGan,m,1,,
20241209_4,hNwo,j,,,
20241209_5,jBbwb,m,1,,
20241209_5,cMra,f,,,
20241209_5,hOna,j,,,
20241209_5,hRAnr,j,,,
20241209_5,hGRq,j,,,
20241209_6,sYw,f,,,
20241209_6,hGRwn,j,,,
20241209_6,hGrb,j,,,
20241209_6,unb,f,,,
20241209_6,sMow,m,1,,
20241209_7,pBGrb,f,,,
20241209_7,iNyb,m,1,,
20241209_7,hWbo,j,,,
20241209_7,jBn,m,1,,
20241209_7,hOab,j,,,
20241209_7,hRAgr,j,,,
20241211_1,cOnr,m,1,,
20241211_1,GBB,f,,,
20241211_1,hONrw,j,,,
20241211_1,sOo,m,2,,
20241211_1,sRGan,m,1,,
20241211_1,sNro,f,,,
20241211_1,sGn,m,1,,
20241211_2,pBGrb,f,,,
20241211_2,jBn,m,1,,
20241211_2,hOab,j,,,
20241211_2,hWbo,j,,,
20241211_2,sMag,m,1,,
20241211_3,unb,f,,"unb can be identified, with sYw",
20241211_3,sMow,m,1,,
20241211_3,hGRwn,j,,,
20241211_3,hGrb,j,,,
20241211_4,hRAnr,j,,,
20241211_4,jBbwb,m,1,,
20241211_4,hOna,j,,,
20241211_4,hGRq,j,,,
20241211_5,sWa,m,1,,
20241211_5,iWq,m,1,,
20241211_5,jBRb,f,,,
20241211_5,jMrw,m,1,,
20241213_1,sRBaba,f,,,
20241213_1,cGRb,m,1,,
20241213_1,sOrbr,f,,,
20241213_2,pNaba,m,1,,
20241213_2,jBbwb,m,1,,
20241213_2,cMra,f,,,
20241213_2,hOna,j,,,
20241213_2,hRAnr,j,,,
20241213_2,hGRq,j,,,
20241213_3,sMow,m,1,,
20241213_3,unb,f,,"unb can be identified, with sYw",
20241213_3,hGRwn,j,,,
20241213_3,hGrb,j,,,
20241213_4,zOWOgn,m,1,,
20241213_4,jGyr,f,,,
20241213_4,hONrw,j,,,
20241213_4,sBnr,f,,,
20241213_5,sRGan,m,1,,
20241213_5,cOnr,m,1,,
20241213_5,sOo,m,2,,
20241213_5,hWbo,j,,,
20241213_6,jBn,m,1,,
20241213_6,pBGrb,f,,,
20241213_6,iNyb,m,1,,
20241213_6,hOab,j,,,
20241213_6,hWbo,j,,,
20241213_6,hRAgr,j,,,
20241213_6,sGn,m,2,,
20241215_1,zOWOgn,m,1,,
20241215_1,pWRbo,m,1,,
20241215_1,hONrw,j,,,
20241215_1,jGyr,f,,,
20241215_2,pNaba,m,1,,
20241215_2,hOna,j,,,
20241215_2,hRAnr,j,,,
20241215_2,hGRq,j,,,
20241215_2,jBbwb,m,1,,
20241215_2,cMra,f,,,
20241215_3,sOo,m,2,,
20241215_3,unb,f,,,
20241215_3,hNwo,j,,,
20241215_3,hNRwg,j,,,
20241215_3,sRGan,m,1,,
20241215_3,hMa,j,,,
20241215_4,jMrw,m,1,,
20241215_4,iWq,m,1,,
20241215_4,jBRb,f,,,
20241215_5,pBGrb,f,,,
20241215_5,iNyb,m,1,,
20241215_5,jBn,m,1,,
20241215_5,hOab,j,,,
20241215_5,sGn,m,2,,
20241215_5,hWbo,j,,,
20241215_5,hRAgr,j,,,
20241215_6,sOrbr,f,,,
20241215_6,cGRb,m,1,,
20241215_6,sRBaba,f,,,
20241218_1,jMna,m,1,,
20241218_1,unb,f,,"unb can be identified, with jMna",
20241218_1,hOa,j,,,
20241218_1,hYab,j,,,
20241218_2,sYw,f,,,
20241218_2,hGRwn,j,,,
20241218_2,hGrb,j,,,
20241218_2,sMow,m,1,,
20241218_3,pWRbo,m,1,,
20241218_3,zOWOgn,m,1,,
20241218_3,hONrw,j,,,
20241218_3,jGyr,f,,,
20241218_4,jBn,m,1,,
20241218_4,hRAgr,j,,,
20241218_4,hWbo,j,,,
20241218_4,pBGrb,f,,,
20241218_5,unb,f,,,
20241218_5,sWa,m,1,,
20241218_6,cGRb,m,1,,
20241218_6,sRBaba,f,,,
20241218_7,GBB,f,,,
20241218_7,cOnr,m,1,,
20241218_8,pNaba,m,1,,
20241218_8,jBbwb,m,1,,
20241218_8,hGRq,j,,,
20241218_8,hOna,j,,,
20241220_1,jBRb,f,,,
20241220_1,sWa,m,1,,
20241220_2,jBn,m,1,,
20241220_2,iNyb,m,1,,
20241220_2,pBGrb,f,,,
20241220_2,hRAgr,j,,,
20241220_2,hWbo,j,,,
20241220_3,cOnr,m,1,,
20241220_3,hNwo,j,,,
20241220_3,sOo,m,2,,
20241220_3,GBB,f,,,
20241220_3,sNro,f,,,
20241220_4,cGRb,m,1,,
20241220_4,sRBaba,f,,,
20241220_5,hBby,j,,,
20241220_5,unb,f,,"unb can be identified, with jMna",
20241220_5,hYab,j,,,
20241220_6,hGRq,j,,,
20241220_6,jBbwb,m,1,,
20241220_6,hOna,j,,,
20241220_7,sYw,f,,,
20241220_7,unb,f,,,
20241220_7,hGRwn,j,,,
20241220_7,hGrb,j,,,
20241223_1,hOab,j,,,
20241223_1,hWbo,j,,,
20241223_1,hRAgr,j,,,
20241223_1,sGn,m,2,,
20241223_2,sMow,m,1,,
20241223_2,unb,f,,,
20241223_2,hGRwn,j,,,
20241223_2,hGrb,j,,,
20241223_3,hBby,j,,,
20241223_3,unb,f,,"unb can be identified, with jMna",
20241223_3,jMna,m,1,,
20241223_3,hOa,j,,,
20241223_4,cOnr,m,1,,
20241223_4,sRGan,m,1,,
20241223_4,hNwo,j,,,
20241223_4,sBnr,f,,,
20241223_4,hNRwg,j,,,
20241223_4,hONrw,j,,,
20241223_4,hMa,j,,,
20241223_5,hOna,j,,,
20241223_5,pNaba,m,1,,
20241223_5,hRAnr,j,,,
20241223_5,hGRq,j,,,
20241223_6,cGRb,m,1,,
20241223_6,sRBaba,f,,,
20241223_7,sWa,m,1,,
20241223_7,unb,f,,,
20241223_7,jBRb,f,,,
20241225_1,sRBaba,f,,,
20241225_1,cGRb,m,1,,
20241225_2,jBRb,f,,,
20241225_2,jMrw,m,1,,
20241225_2,sWa,m,1,,
20241225_3,hOna,j,,,
20241225_3,hRAnr,j,,,
20241225_3,hGRq,j,,,
20241225_3,pNaba,m,1,,
20241225_3,jBbwb,m,1,,
20241225_4,unb,f,,,
20241225_4,hNRwg,j,,,
20241225_4,hONrw,j,,,
20241225_4,hMa,j,,,
20241225_5,sGRm,m,1,,
20241225_5,sNro,f,,,
20241225_5,hNwo,j,,,
20241225_6,sGn,m,2,,
20241225_6,hWbo,j,,,
20241225_6,hRAgr,j,,,
20241225_6,pBGrb,f,,,
20241225_6,jBn,m,1,,
20241225_6,hOab,j,,,
20241225_7,unb,f,,"unb can be identified, with jMna",
20241225_7,hOa,j,,,
20241225_7,jMna,m,1,,
20241225_7,hBby,j,,,
20241225_8,sYw,f,,,
20241225_8,hGRwn,j,,,
20241225_8,sGa,f,,,
20241225_8,hGrb,j,,,
20241225_8,sMow,m,1,,
20241227_1,hGRwn,j,,,
20241227_1,hGrb,j,,,
20241227_1,unb,f,,,
20241227_1,sMow,m,1,,
20241227_2,sBnr,f,,,
20241227_2,hONrw,j,,,
20241227_2,hNRwg,j,,,
20241227_2,hMa,j,,,
20241227_2,zOWOgn,m,1,,
20241227_3,cGRb,m,1,,
20241227_4,iWq,m,1,,
20241227_4,jMrw,m,1,,
20241227_4,jBRb,f,,,
20241227_4,unb,f,,,
20241227_5,unb,f,,"unb can be identified, with jMna",
20241227_5,hOa,j,,,
20241227_5,jMna,m,1,,
20241227_5,hBby,j,,,
20241227_6,pNaba,m,1,,
20241227_6,cMra,f,,,
20241227_6,hGRq,j,,,
20241227_7,cOnr,m,1,,
20241227_7,GBB,f,,,
20241227_7,sMow,m,1,,
20241227_7,sNro,f,,,
20241227_7,sOo,m,2,,
20241227_8,pBGrb,f,,,
20241227_8,hOab,j,,,
20241227_8,sGn,m,2,,
20241227_8,hRAgr,j,,,
20241227_8,hWbo,j,,,
20241227_8,iNyb,m,1,,
20241230_1,jBbwb,m,1,,
20241230_1,hRAnr,j,,,
20241230_1,hOna,j,,,
20241230_1,cMra,f,,,
20241230_2,cOnr,m,1,,
20241230_2,GBB,f,,,
20241230_2,sOo,m,2,,
20241230_2,sNro,f,,,
20241230_3,jGyr,f,,,
20241230_3,pWRbo,m,1,,
20241230_3,zOWOgn,m,1,,
20241230_4,jMna,m,1,,
20241230_4,unb,f,,"unb can be identified, with jMna",
20241230_4,hBby,j,,,
20241230_4,hOa,j,,,
20241230_5,sGn,m,2,,
20241230_5,iNyb,m,1,,
20241230_5,jBn,m,1,,
20241230_5,pBGrb,f,,,
20241230_5,hOab,j,,,
20241230_5,hWbo,j,,,
20241230_5,hRAgr,j,,,
20241230_6,jBRb,f,,,
20241230_6,unb,f,,,
20241230_6,sWa,m,1,,
20241230_6,iWq,m,1,,
20241230_6,jMrw,m,1,,
20241230_7,unb,f,,"unb can be identified, with sYw",
20241230_7,hGRwn,j,,,
20241230_8,cGRb,m,1,,
20241230_8,sRBaba,f,,,
20250101_1,unb,f,,"unb can be identified, with jMna",
20250101_1,hBby,j,,,
20250101_1,hOa,j,,,
20250101_2,sRBaba,f,,,
20250101_3,hRAgr,j,,,
20250101_3,hWbo,j,,,
20250101_3,hOab,j,,,
20250101_3,jBn,m,1,,
20250101_3,sGn,m,2,,
20250101_4,sRGan,m,1,,
20250101_4,hNRwg,j,,,
20250101_4,cOnr,m,1,,
20250101_4,GBB,f,,,
20250101_4,hNwo,j,,,
20250101_5,unb,f,,,
20250101_5,hNRbo,j,,,
20250101_5,sGa,f,,,
20250101_5,hGrb,j,,,
20250101_5,hGRwn,j,,,
20250101_5,hWoa,j,,,
20250101_5,hNrw,j,,,
20250101_6,jGyr,f,,,
20250101_6,hONrw,j,,,
20250101_6,pWRbo,m,1,,
20250101_7,cMra,f,,,
20250101_7,jBbwb,m,1,,
20250101_7,hOna,j,,,
20250101_7,hRAnr,j,,,
20250103_1,sWa,m,1,,
20250103_1,unb,f,,,
20250103_1,iWq,m,1,,
20250103_1,jBRb,f,,,
20250103_2,iNyb,m,1,,
20250103_2,hWbo,j,,,
20250103_2,pBGrb,f,,,
20250103_2,hRAgr,j,,,
20250103_2,jBn,m,1,,
20250103_2,sGn,m,2,,
20250103_3,sRGan,m,1,,
20250103_3,sOo,m,2,,
20250103_3,hNRwg,j,,,
20250103_3,hNwo,j,,,
20250103_4,hGrb,j,,,
20250103_4,sMow,m,1,,
20250103_5,cMra,f,,,
20250103_5,hGRq,j,,,
20250103_5,jBbwb,m,1,,
20250103_6,cGRb,m,1,,
20250103_7,jGyr,f,,,
20250103_7,zOWOgn,m,1,,
20250103_7,hYyr,j,,,
20250103_7,hOon,j,,,
20250103_7,hBny,j,,,
20250103_7,pWRbo,m,1,,
20250103_7,hBy,m,1,,
20250106_1,jGyr,f,,,
20250106_1,hONrw,j,,,
20250106_1,hYna,j,,,
20250106_1,hGNao,j,,,
20250106_1,pWRbo,m,1,,
20250106_1,hOon,j,,,
20250106_1,fNo,m,1,,
20250106_2,hGrb,j,,,
20250106_2,unb,f,,,
20250106_2,hGRwn,j,,,
20250106_3,jMrw,m,1,,
20250106_3,jBRb,f,,,
20250106_4,sNro,f,,,
20250106_4,sOo,m,2,,
20250106_4,cOnr,m,1,,
20250106_4,hNwo,j,,,
20250106_5,hRAnr,j,,,
20250106_5,hOna,j,,,
20250106_5,jBbwb,m,1,,
20250106_5,hGRq,j,,,
20250106_6,pBGrb,f,,,
20250106_6,iNyb,m,1,,
20250106_6,jBn,m,1,,
20250106_6,sGn,m,2,,
20250106_6,hWbo,j,,,
20250106_6,hRAgr,j,,,
20250106_6,hOab,j,,,
20250106_7,unb,f,,"unb can be identified, with jMna",
20250106_7,jMna,m,1,,
20250106_7,hOa,j,,,
20250106_7,hBby,j,,,
20250108_1,jGyr,f,,,
20250108_1,zOWOgn,m,1,,
20250108_1,hNRwg,j,,,
20250108_1,hONrw,j,,,
20250108_1,hBny,j,,,
20250108_1,pWRbo,m,1,,
20250108_1,hOon,j,,,
20250108_1,hYyr,j,,,
20250108_2,pNaba,m,1,,
20250108_2,hOna,j,,,
20250108_2,jBbwb,m,1,,
20250108_2,hRAnr,j,,,
20250108_2,hGRq,j,,,
20250108_2,cMra,f,,,
20250108_3,hNwo,j,,,
20250108_3,sBnr,f,,,
20250108_3,GBB,f,,,
20250108_3,sOo,m,2,,
20250108_4,sRBaba,f,,,
20250108_4,cGRb,m,1,,
20250108_4,sWow,m,1,,
20250108_4,hNRby,j,,,
20250108_4,hGNa,j,,,
20250108_4,hONm,j,,,
20250108_5,jMna,m,1,,
20250108_5,unb,f,,"unb can be identified, with jMna",
20250108_5,hOa,j,,,
20250108_5,hBby,j,,,
20250108_5,unb,f,,,
20250108_6,hOab,j,,,
20250108_6,sGn,m,2,,
20250108_6,hRAgr,j,,,
20250108_6,pBGrb,f,,,
20250108_6,iNyb,m,1,,
20250108_6,jBn,m,1,,
20250108_6,hWbo,j,,,
20250108_7,sWa,m,1,,
20250108_7,jMrw,m,1,,
20250108_7,unb,f,,,
20250108_7,jBRb,f,,,
20250108_7,hGRm,j,,,
20250110_1,sWBWgb,m,2,,
20250110_1,unb,f,,,
20250110_1,unb,f,,,
20250110_1,sRBaba,f,,,
20250110_1,cGRb,m,1,,
20250110_1,hYn,j,,,
20250110_1,pRWob,m,1,,
20250110_2,sGn,m,2,,
20250110_2,hOab,j,,,
20250110_2,hWbo,j,,,
20250110_2,jBn,m,1,,
20250110_2,hRAgr,j,,,
20250110_2,iNyb,m,1,,
20250110_2,pBGrb,f,,,
20250110_3,hOa,j,,,
20250110_3,hBby,j,,,
20250110_3,jMna,m,1,,
20250110_4,sWa,m,1.5,,
20250110_4,jBRb,f,,,
20250110_4,iWq,m,1,,
20250110_4,jMrw,m,1,,
20250110_5,hYyr,j,,,
20250110_5,pWRbo,m,1,,
20250110_6,hRAnr,j,,,
20250110_6,hGRq,j,,,
20250110_7,hGRwn,j,,,
20250110_7,sMow,m,1,,
20250110_7,sYw,f,,,
20250110_8,cOnr,m,1,,
20250110_8,sBnr,f,,,
20250110_8,sOo,m,2,,
